Domain Code,Domain,Reporter Country Code (M49),Reporter Countries,Partner Country Code (M49),Partner Countries,Element Code,Element,Item Code (CPC),Item,Year Code,Year,Unit,Value,Flag,Flag Description
"TM","Detailed trade matrix","050","Bangladesh","032","Argentina","5610","Import quantity","2165","Palm oil","2005","2005","t","870","A","Official figure"
"TM","Detailed trade matrix","050","Bangladesh","032","Argentina","5610","Import quantity","2161","Soya bean oil","1986","1986","t","11793","A","Official figure"
"TM","Detailed trade matrix","050","Bangladesh","032","Argentina","5610","Import quantity","2161","Soya bean oil","1998","1998","t","150811","A","Official figure"
"TM","Detailed trade matrix","050","Bangladesh","032","Argentina","5610","Import quantity","2161","Soya bean oil","2005","2005","t","191050","A","Official figure"
"TM","Detailed trade matrix","050","Bangladesh","032","Argentina","5610","Import quantity","2161","Soya bean oil","2006","2006","t","356171","A","Official figure"
"TM","Detailed trade matrix","050","Bangladesh","032","Argentina","5610","Import quantity","2161","Soya bean oil","2007","2007","t","502029","A","Official figure"
"TM","Detailed trade matrix","050","Bangladesh","032","Argentina","5610","Import quantity","2161","Soya bean oil","2015","2015","t","774012.86","A","Official figure"
"TM","Detailed trade matrix","050","Bangladesh","076","Brazil","5610","Import quantity","2161","Soya bean oil","1986","1986","t","7546","A","Official figure"
"TM","Detailed trade matrix","050","Bangladesh","076","Brazil","5610","Import quantity","2161","Soya bean oil","1998","1998","t","75537","A","Official figure"
"TM","Detailed trade matrix","050","Bangladesh","076","Brazil","5610","Import quantity","2161","Soya bean oil","2005","2005","t","54313","A","Official figure"
"TM","Detailed trade matrix","050","Bangladesh","076","Brazil","5610","Import quantity","2161","Soya bean oil","2006","2006","t","48215","A","Official figure"
"TM","Detailed trade matrix","050","Bangladesh","076","Brazil","5610","Import quantity","2161","Soya bean oil","2007","2007","t","107417","A","Official figure"
"TM","Detailed trade matrix","050","Bangladesh","076","Brazil","5610","Import quantity","2161","Soya bean oil","2015","2015","t","254441.43","A","Official figure"
"TM","Detailed trade matrix","050","Bangladesh","124","Canada","5910","Export quantity","23162","Husked rice","2005","2005","t","26","A","Official figure"
"TM","Detailed trade matrix","050","Bangladesh","124","Canada","5910","Export quantity","23162","Husked rice","2006","2006","t","10","A","Official figure"
"TM","Detailed trade matrix","050","Bangladesh","124","Canada","5910","Export quantity","23162","Husked rice","2007","2007","t","13","A","Official figure"
"TM","Detailed trade matrix","050","Bangladesh","124","Canada","5910","Export quantity","23162","Husked rice","2015","2015","t","48.78","A","Official figure"
"TM","Detailed trade matrix","050","Bangladesh","124","Canada","5610","Import quantity","0113","Rice","2006","2006","t","121","X","Figure from external organization"
"TM","Detailed trade matrix","050","Bangladesh","124","Canada","5910","Export quantity","0113","Rice","2005","2005","t","23","A","Official figure"
"TM","Detailed trade matrix","050","Bangladesh","124","Canada","5910","Export quantity","0113","Rice","2006","2006","t","104","A","Official figure"
"TM","Detailed trade matrix","050","Bangladesh","124","Canada","5910","Export quantity","23161.03","Rice, broken","2005","2005","t","8","A","Official figure"
"TM","Detailed trade matrix","050","Bangladesh","124","Canada","5910","Export quantity","23161.02","Rice, milled","1998","1998","t","14","A","Official figure"
"TM","Detailed trade matrix","050","Bangladesh","124","Canada","5910","Export quantity","23161.02","Rice, milled","2005","2005","t","72","A","Official figure"
"TM","Detailed trade matrix","050","Bangladesh","124","Canada","5910","Export quantity","23161.02","Rice, milled","2006","2006","t","91","A","Official figure"
"TM","Detailed trade matrix","050","Bangladesh","124","Canada","5910","Export quantity","23161.02","Rice, milled","2007","2007","t","195","A","Official figure"
"TM","Detailed trade matrix","050","Bangladesh","124","Canada","5910","Export quantity","23161.02","Rice, milled","2015","2015","t","20.3","I","Value imputed by a receiving agency"
"TM","Detailed trade matrix","050","Bangladesh","124","Canada","5610","Import quantity","F0030","Rice, paddy (rice milled equivalent)","2006","2006","t","78.65","E","Estimated value"
"TM","Detailed trade matrix","050","Bangladesh","124","Canada","5910","Export quantity","F0030","Rice, paddy (rice milled equivalent)","1998","1998","t","14","E","Estimated value"
"TM","Detailed trade matrix","050","Bangladesh","124","Canada","5910","Export quantity","F0030","Rice, paddy (rice milled equivalent)","2005","2005","t","118.35","E","Estimated value"
"TM","Detailed trade matrix","050","Bangladesh","124","Canada","5910","Export quantity","F0030","Rice, paddy (rice milled equivalent)","2006","2006","t","167.6","E","Estimated value"
"TM","Detailed trade matrix","050","Bangladesh","124","Canada","5910","Export quantity","F0030","Rice, paddy (rice milled equivalent)","2007","2007","t","206.7","E","Estimated value"
"TM","Detailed trade matrix","050","Bangladesh","124","Canada","5910","Export quantity","F0030","Rice, paddy (rice milled equivalent)","2015","2015","t","64.2","E","Estimated value"
"TM","Detailed trade matrix","050","Bangladesh","124","Canada","5610","Import quantity","2161","Soya bean oil","2015","2015","t","21.44","A","Official figure"
"TM","Detailed trade matrix","050","Bangladesh","156","China, mainland","5610","Import quantity","23162","Husked rice","2005","2005","t","1","A","Official figure"
"TM","Detailed trade matrix","050","Bangladesh","156","China, mainland","5610","Import quantity","23162","Husked rice","2006","2006","t","2","A","Official figure"
"TM","Detailed trade matrix","050","Bangladesh","156","China, mainland","5610","Import quantity","23162","Husked rice","2007","2007","t","0","A","Official figure"
"TM","Detailed trade matrix","050","Bangladesh","156","China, mainland","5610","Import quantity","23162","Husked rice","2015","2015","t","0.46","A","Official figure"
"TM","Detailed trade matrix","050","Bangladesh","156","China, mainland","5610","Import quantity","01253.02","Onions and shallots, dry (excluding dehydrated)","2006","2006","t","297","A","Official figure"
"TM","Detailed trade matrix","050","Bangladesh","156","China, mainland","5610","Import quantity","01253.02","Onions and shallots, dry (excluding dehydrated)","2015","2015","t","2934","A","Official figure"
"TM","Detailed trade matrix","050","Bangladesh","156","China, mainland","5610","Import quantity","2165","Palm oil","2015","2015","t","0.03","A","Official figure"
"TM","Detailed trade matrix","050","Bangladesh","156","China, mainland","5610","Import quantity","0113","Rice","2005","2005","t","17480","A","Official figure"
"TM","Detailed trade matrix","050","Bangladesh","156","China, mainland","5610","Import quantity","0113","Rice","2006","2006","t","7284","X","Figure from external organization"
"TM","Detailed trade matrix","050","Bangladesh","156","China, mainland","5610","Import quantity","0113","Rice","2007","2007","t","49377","A","Official figure"
"TM","Detailed trade matrix","050","Bangladesh","156","China, mainland","5610","Import quantity","0113","Rice","2015","2015","t","843.52","X","Figure from external organization"
"TM","Detailed trade matrix","050","Bangladesh","156","China, mainland","5610","Import quantity","23161.03","Rice, broken","2006","2006","t","0","A","Official figure"
"TM","Detailed trade matrix","050","Bangladesh","156","China, mainland","5610","Import quantity","23161.03","Rice, broken","2007","2007","t","2","A","Official figure"
"TM","Detailed trade matrix","050","Bangladesh","156","China, mainland","5610","Import quantity","23161.03","Rice, broken","2015","2015","t","0","A","Official figure"
"TM","Detailed trade matrix","050","Bangladesh","156","China, mainland","5610","Import quantity","23161.02","Rice, milled","2005","2005","t","0","A","Official figure"
"TM","Detailed trade matrix","050","Bangladesh","156","China, mainland","5610","Import quantity","23161.02","Rice, milled","2006","2006","t","4","A","Official figure"
"TM","Detailed trade matrix","050","Bangladesh","156","China, mainland","5610","Import quantity","23161.02","Rice, milled","2015","2015","t","131.38","A","Official figure"
"TM","Detailed trade matrix","050","Bangladesh","156","China, mainland","5610","Import quantity","F0030","Rice, paddy (rice milled equivalent)","2005","2005","t","11362.9","E","Estimated value"
"TM","Detailed trade matrix","050","Bangladesh","156","China, mainland","5610","Import quantity","F0030","Rice, paddy (rice milled equivalent)","2006","2006","t","4740.4","E","Estimated value"
"TM","Detailed trade matrix","050","Bangladesh","156","China, mainland","5610","Import quantity","F0030","Rice, paddy (rice milled equivalent)","2007","2007","t","32097.05","E","Estimated value"
"TM","Detailed trade matrix","050","Bangladesh","156","China, mainland","5610","Import quantity","F0030","Rice, paddy (rice milled equivalent)","2015","2015","t","680.09","E","Estimated value"
"TM","Detailed trade matrix","050","Bangladesh","156","China, mainland","5610","Import quantity","2161","Soya bean oil","2005","2005","t","7","A","Official figure"
"TM","Detailed trade matrix","050","Bangladesh","156","China, mainland","5610","Import quantity","2161","Soya bean oil","2006","2006","t","4","A","Official figure"
"TM","Detailed trade matrix","050","Bangladesh","156","China, mainland","5610","Import quantity","2161","Soya bean oil","2007","2007","t","8","A","Official figure"
"TM","Detailed trade matrix","050","Bangladesh","156","China, mainland","5610","Import quantity","2161","Soya bean oil","2015","2015","t","9951.38","A","Official figure"
"TM","Detailed trade matrix","050","Bangladesh","250","France","5910","Export quantity","23162","Husked rice","2015","2015","t","9.38","A","Official figure"
"TM","Detailed trade matrix","050","Bangladesh","250","France","5610","Import quantity","01253.02","Onions and shallots, dry (excluding dehydrated)","2006","2006","t","31","A","Official figure"
"TM","Detailed trade matrix","050","Bangladesh","250","France","5910","Export quantity","0113","Rice","2007","2007","t","38","A","Official figure"
"TM","Detailed trade matrix","050","Bangladesh","250","France","5910","Export quantity","23161.02","Rice, milled","2015","2015","t","1.25","I","Value imputed by a receiving agency"
"TM","Detailed trade matrix","050","Bangladesh","250","France","5910","Export quantity","F0030","Rice, paddy (rice milled equivalent)","2007","2007","t","24.7","E","Estimated value"
"TM","Detailed trade matrix","050","Bangladesh","250","France","5910","Export quantity","F0030","Rice, paddy (rice milled equivalent)","2015","2015","t","9.69","E","Estimated value"
"TM","Detailed trade matrix","050","Bangladesh","250","France","5610","Import quantity","2161","Soya bean oil","2015","2015","t","26.4","A","Official figure"
"TM","Detailed trade matrix","050","Bangladesh","356","India","5610","Import quantity","39120.02","Bran of rice","1998","1998","t","6","A","Official figure"
"TM","Detailed trade matrix","050","Bangladesh","356","India","5610","Import quantity","39120.02","Bran of rice","2005","2005","t","198","A","Official figure"
"TM","Detailed trade matrix","050","Bangladesh","356","India","5610","Import quantity","39120.02","Bran of rice","2007","2007","t","1785","X","Figure from external organization"
"TM","Detailed trade matrix","050","Bangladesh","356","India","5910","Export quantity","39120.02","Bran of rice","2005","2005","t","834","A","Official figure"
"TM","Detailed trade matrix","050","Bangladesh","356","India","5910","Export quantity","39120.02","Bran of rice","2006","2006","t","3790","A","Official figure"
"TM","Detailed trade matrix","050","Bangladesh","356","India","5910","Export quantity","39120.02","Bran of rice","2007","2007","t","11721","A","Official figure"
"TM","Detailed trade matrix","050","Bangladesh","356","India","5610","Import quantity","23162","Husked rice","1998","1998","t","21912","A","Official figure"
"TM","Detailed trade matrix","050","Bangladesh","356","India","5610","Import quantity","23162","Husked rice","2005","2005","t","8117","A","Official figure"
"TM","Detailed trade matrix","050","Bangladesh","356","India","5610","Import quantity","23162","Husked rice","2007","2007","t","7000","A","Official figure"
"TM","Detailed trade matrix","050","Bangladesh","356","India","5610","Import quantity","23162","Husked rice","2015","2015","t","2303.9","A","Official figure"
"TM","Detailed trade matrix","050","Bangladesh","356","India","5610","Import quantity","01253.02","Onions and shallots, dry (excluding dehydrated)","1986","1986","t","369","A","Official figure"
"TM","Detailed trade matrix","050","Bangladesh","356","India","5610","Import quantity","01253.02","Onions and shallots, dry (excluding dehydrated)","1998","1998","t","46956","A","Official figure"
"TM","Detailed trade matrix","050","Bangladesh","356","India","5610","Import quantity","01253.02","Onions and shallots, dry (excluding dehydrated)","2005","2005","t","72359","A","Official figure"
"TM","Detailed trade matrix","050","Bangladesh","356","India","5610","Import quantity","01253.02","Onions and shallots, dry (excluding dehydrated)","2006","2006","t","106445","A","Official figure"
"TM","Detailed trade matrix","050","Bangladesh","356","India","5610","Import quantity","01253.02","Onions and shallots, dry (excluding dehydrated)","2007","2007","t","96446","A","Official figure"
"TM","Detailed trade matrix","050","Bangladesh","356","India","5610","Import quantity","01253.02","Onions and shallots, dry (excluding dehydrated)","2015","2015","t","429946.86","A","Official figure"
"TM","Detailed trade matrix","050","Bangladesh","356","India","5910","Export quantity","2165","Palm oil","2006","2006","t","19","A","Official figure"
"TM","Detailed trade matrix","050","Bangladesh","356","India","5910","Export quantity","2165","Palm oil","2007","2007","t","744","A","Official figure"
"TM","Detailed trade matrix","050","Bangladesh","356","India","5610","Import quantity","0113","Rice","1998","1998","t","164798","A","Official figure"
"TM","Detailed trade matrix","050","Bangladesh","356","India","5610","Import quantity","0113","Rice","2005","2005","t","1300","A","Official figure"
"TM","Detailed trade matrix","050","Bangladesh","356","India","5610","Import quantity","0113","Rice","2006","2006","t","555418","A","Official figure"
"TM","Detailed trade matrix","050","Bangladesh","356","India","5610","Import quantity","0113","Rice","2007","2007","t","4036","A","Official figure"
"TM","Detailed trade matrix","050","Bangladesh","356","India","5610","Import quantity","0113","Rice","2015","2015","t","1280.73","X","Figure from external organization"
"TM","Detailed trade matrix","050","Bangladesh","356","India","5610","Import quantity","23161.03","Rice, broken","1998","1998","t","6867","A","Official figure"
"TM","Detailed trade matrix","050","Bangladesh","356","India","5610","Import quantity","23161.03","Rice, broken","2005","2005","t","1233","A","Official figure"
"TM","Detailed trade matrix","050","Bangladesh","356","India","5610","Import quantity","23161.03","Rice, broken","2015","2015","t","48045.86","A","Official figure"
"TM","Detailed trade matrix","050","Bangladesh","356","India","5610","Import quantity","23161.02","Rice, milled","1998","1998","t","926370","A","Official figure"
"TM","Detailed trade matrix","050","Bangladesh","356","India","5610","Import quantity","23161.02","Rice, milled","2005","2005","t","435831","A","Official figure"
"TM","Detailed trade matrix","050","Bangladesh","356","India","5610","Import quantity","23161.02","Rice, milled","2006","2006","t","285006","A","Official figure"
"TM","Detailed trade matrix","050","Bangladesh","356","India","5610","Import quantity","23161.02","Rice, milled","2007","2007","t","563674","A","Official figure"
"TM","Detailed trade matrix","050","Bangladesh","356","India","5610","Import quantity","23161.02","Rice, milled","2015","2015","t","1014393.94","A","Official figure"
"TM","Detailed trade matrix","050","Bangladesh","356","India","5610","Import quantity","F0030","Rice, paddy (rice milled equivalent)","1998","1998","t","1060076.5","E","Estimated value"
"TM","Detailed trade matrix","050","Bangladesh","356","India","5610","Import quantity","F0030","Rice, paddy (rice milled equivalent)","2005","2005","t","445214.3","E","Estimated value"
"TM","Detailed trade matrix","050","Bangladesh","356","India","5610","Import quantity","F0030","Rice, paddy (rice milled equivalent)","2006","2006","t","646027.7","E","Estimated value"
"TM","Detailed trade matrix","050","Bangladesh","356","India","5610","Import quantity","F0030","Rice, paddy (rice milled equivalent)","2007","2007","t","572597.4","E","Estimated value"
"TM","Detailed trade matrix","050","Bangladesh","356","India","5610","Import quantity","F0030","Rice, paddy (rice milled equivalent)","2015","2015","t","1065345.78","E","Estimated value"
"TM","Detailed trade matrix","050","Bangladesh","356","India","5610","Import quantity","2161","Soya bean oil","1998","1998","t","31","A","Official figure"
"TM","Detailed trade matrix","050","Bangladesh","356","India","5610","Import quantity","2161","Soya bean oil","2015","2015","t","6","A","Official figure"
"TM","Detailed trade matrix","050","Bangladesh","360","Indonesia","5610","Import quantity","2165","Palm oil","1998","1998","t","17611","A","Official figure"
"TM","Detailed trade matrix","050","Bangladesh","360","Indonesia","5610","Import quantity","2165","Palm oil","2005","2005","t","289419","A","Official figure"
"TM","Detailed trade matrix","050","Bangladesh","360","Indonesia","5610","Import quantity","2165","Palm oil","2006","2006","t","783606","A","Official figure"
"TM","Detailed trade matrix","050","Bangladesh","360","Indonesia","5610","Import quantity","2165","Palm oil","2007","2007","t","991041","A","Official figure"
"TM","Detailed trade matrix","050","Bangladesh","360","Indonesia","5610","Import quantity","2165","Palm oil","2015","2015","t","2255594.34","A","Official figure"
"TM","Detailed trade matrix","050","Bangladesh","360","Indonesia","5610","Import quantity","2161","Soya bean oil","2005","2005","t","2000","A","Official figure"
"TM","Detailed trade matrix","050","Bangladesh","360","Indonesia","5610","Import quantity","2161","Soya bean oil","2015","2015","t","37018.2","A","Official figure"
"TM","Detailed trade matrix","050","Bangladesh","380","Italy","5910","Export quantity","39120.02","Bran of rice","2006","2006","t","42","A","Official figure"
"TM","Detailed trade matrix","050","Bangladesh","380","Italy","5910","Export quantity","23162","Husked rice","2005","2005","t","572","A","Official figure"
"TM","Detailed trade matrix","050","Bangladesh","380","Italy","5910","Export quantity","23162","Husked rice","2006","2006","t","1366","A","Official figure"
"TM","Detailed trade matrix","050","Bangladesh","380","Italy","5910","Export quantity","23162","Husked rice","2007","2007","t","1647","A","Official figure"
"TM","Detailed trade matrix","050","Bangladesh","380","Italy","5910","Export quantity","23162","Husked rice","2015","2015","t","35.82","A","Official figure"
"TM","Detailed trade matrix","050","Bangladesh","380","Italy","5910","Export quantity","2165","Palm oil","2007","2007","t","0","A","Official figure"
"TM","Detailed trade matrix","050","Bangladesh","380","Italy","5910","Export quantity","0113","Rice","2005","2005","t","476","A","Official figure"
"TM","Detailed trade matrix","050","Bangladesh","380","Italy","5910","Export quantity","0113","Rice","2006","2006","t","2481","A","Official figure"
"TM","Detailed trade matrix","050","Bangladesh","380","Italy","5910","Export quantity","0113","Rice","2007","2007","t","2971","A","Official figure"
"TM","Detailed trade matrix","050","Bangladesh","380","Italy","5910","Export quantity","23161.03","Rice, broken","2006","2006","t","94","A","Official figure"
"TM","Detailed trade matrix","050","Bangladesh","380","Italy","5910","Export quantity","23161.03","Rice, broken","2007","2007","t","219","A","Official figure"
"TM","Detailed trade matrix","050","Bangladesh","380","Italy","5910","Export quantity","23161.03","Rice, broken","2015","2015","t","278","A","Official figure"
"TM","Detailed trade matrix","050","Bangladesh","380","Italy","5610","Import quantity","23161.02","Rice, milled","1986","1986","t","241","A","Official figure"
"TM","Detailed trade matrix","050","Bangladesh","380","Italy","5610","Import quantity","23161.02","Rice, milled","2006","2006","t","0","A","Official figure"
"TM","Detailed trade matrix","050","Bangladesh","380","Italy","5910","Export quantity","23161.02","Rice, milled","2005","2005","t","1560","A","Official figure"
"TM","Detailed trade matrix","050","Bangladesh","380","Italy","5910","Export quantity","23161.02","Rice, milled","2006","2006","t","3453","A","Official figure"
"TM","Detailed trade matrix","050","Bangladesh","380","Italy","5910","Export quantity","23161.02","Rice, milled","2007","2007","t","5000","A","Official figure"
"TM","Detailed trade matrix","050","Bangladesh","380","Italy","5910","Export quantity","23161.02","Rice, milled","2015","2015","t","443.52","I","Value imputed by a receiving agency"
"TM","Detailed trade matrix","050","Bangladesh","380","Italy","5610","Import quantity","F0030","Rice, paddy (rice milled equivalent)","1986","1986","t","241","E","Estimated value"
"TM","Detailed trade matrix","050","Bangladesh","380","Italy","5610","Import quantity","F0030","Rice, paddy (rice milled equivalent)","2006","2006","t","0","E","Estimated value"
"TM","Detailed trade matrix","050","Bangladesh","380","Italy","5910","Export quantity","F0030","Rice, paddy (rice milled equivalent)","2005","2005","t","2384.2","E","Estimated value"
"TM","Detailed trade matrix","050","Bangladesh","380","Italy","5910","Export quantity","F0030","Rice, paddy (rice milled equivalent)","2006","2006","t","6389.05","E","Estimated value"
"TM","Detailed trade matrix","050","Bangladesh","380","Italy","5910","Export quantity","F0030","Rice, paddy (rice milled equivalent)","2007","2007","t","8632.45","E","Estimated value"
"TM","Detailed trade matrix","050","Bangladesh","380","Italy","5910","Export quantity","F0030","Rice, paddy (rice milled equivalent)","2015","2015","t","753.75","E","Estimated value"
"TM","Detailed trade matrix","050","Bangladesh","380","Italy","5610","Import quantity","2161","Soya bean oil","2015","2015","t","13.04","A","Official figure"
"TM","Detailed trade matrix","050","Bangladesh","458","Malaysia","5910","Export quantity","23162","Husked rice","2005","2005","t","32","A","Official figure"
"TM","Detailed trade matrix","050","Bangladesh","458","Malaysia","5910","Export quantity","23162","Husked rice","2006","2006","t","49","A","Official figure"
"TM","Detailed trade matrix","050","Bangladesh","458","Malaysia","5910","Export quantity","23162","Husked rice","2007","2007","t","52","A","Official figure"
"TM","Detailed trade matrix","050","Bangladesh","458","Malaysia","5910","Export quantity","23162","Husked rice","2015","2015","t","185","A","Official figure"
"TM","Detailed trade matrix","050","Bangladesh","458","Malaysia","5610","Import quantity","01253.02","Onions and shallots, dry (excluding dehydrated)","2015","2015","t","53","A","Official figure"
"TM","Detailed trade matrix","050","Bangladesh","458","Malaysia","5610","Import quantity","2165","Palm oil","1986","1986","t","22535","A","Official figure"
"TM","Detailed trade matrix","050","Bangladesh","458","Malaysia","5610","Import quantity","2165","Palm oil","1998","1998","t","223235","A","Official figure"
"TM","Detailed trade matrix","050","Bangladesh","458","Malaysia","5610","Import quantity","2165","Palm oil","2005","2005","t","317941","A","Official figure"
"TM","Detailed trade matrix","050","Bangladesh","458","Malaysia","5610","Import quantity","2165","Palm oil","2006","2006","t","714750","A","Official figure"
"TM","Detailed trade matrix","050","Bangladesh","458","Malaysia","5610","Import quantity","2165","Palm oil","2007","2007","t","717464","A","Official figure"
"TM","Detailed trade matrix","050","Bangladesh","458","Malaysia","5610","Import quantity","2165","Palm oil","2015","2015","t","517333.91","A","Official figure"
"TM","Detailed trade matrix","050","Bangladesh","458","Malaysia","5910","Export quantity","0113","Rice","2005","2005","t","8","A","Official figure"
"TM","Detailed trade matrix","050","Bangladesh","458","Malaysia","5910","Export quantity","0113","Rice","2006","2006","t","27","A","Official figure"
"TM","Detailed trade matrix","050","Bangladesh","458","Malaysia","5910","Export quantity","0113","Rice","2007","2007","t","70","A","Official figure"
"TM","Detailed trade matrix","050","Bangladesh","458","Malaysia","5910","Export quantity","0113","Rice","2015","2015","t","11.93","A","Official figure"
"TM","Detailed trade matrix","050","Bangladesh","458","Malaysia","5910","Export quantity","23161.03","Rice, broken","2007","2007","t","32","A","Official figure"
"TM","Detailed trade matrix","050","Bangladesh","458","Malaysia","5910","Export quantity","23161.03","Rice, broken","2015","2015","t","43.25","A","Official figure"
"TM","Detailed trade matrix","050","Bangladesh","458","Malaysia","5610","Import quantity","23161.02","Rice, milled","2006","2006","t","0","A","Official figure"
"TM","Detailed trade matrix","050","Bangladesh","458","Malaysia","5910","Export quantity","23161.02","Rice, milled","2005","2005","t","86","A","Official figure"
"TM","Detailed trade matrix","050","Bangladesh","458","Malaysia","5910","Export quantity","23161.02","Rice, milled","2006","2006","t","99","A","Official figure"
"TM","Detailed trade matrix","050","Bangladesh","458","Malaysia","5910","Export quantity","23161.02","Rice, milled","2007","2007","t","35","A","Official figure"
"TM","Detailed trade matrix","050","Bangladesh","458","Malaysia","5910","Export quantity","23161.02","Rice, milled","2015","2015","t","4.21","I","Value imputed by a receiving agency"
"TM","Detailed trade matrix","050","Bangladesh","458","Malaysia","5610","Import quantity","F0030","Rice, paddy (rice milled equivalent)","2006","2006","t","0","E","Estimated value"
"TM","Detailed trade matrix","050","Bangladesh","458","Malaysia","5910","Export quantity","F0030","Rice, paddy (rice milled equivalent)","2005","2005","t","120","E","Estimated value"
"TM","Detailed trade matrix","050","Bangladesh","458","Malaysia","5910","Export quantity","F0030","Rice, paddy (rice milled equivalent)","2006","2006","t","160.65","E","Estimated value"
"TM","Detailed trade matrix","050","Bangladesh","458","Malaysia","5910","Export quantity","F0030","Rice, paddy (rice milled equivalent)","2007","2007","t","159.3","E","Estimated value"
"TM","Detailed trade matrix","050","Bangladesh","458","Malaysia","5910","Export quantity","F0030","Rice, paddy (rice milled equivalent)","2015","2015","t","221.71","E","Estimated value"
"TM","Detailed trade matrix","050","Bangladesh","458","Malaysia","5610","Import quantity","2161","Soya bean oil","1998","1998","t","13842","A","Official figure"
"TM","Detailed trade matrix","050","Bangladesh","458","Malaysia","5610","Import quantity","2161","Soya bean oil","2005","2005","t","84","A","Official figure"
"TM","Detailed trade matrix","050","Bangladesh","458","Malaysia","5610","Import quantity","2161","Soya bean oil","2006","2006","t","103","A","Official figure"
"TM","Detailed trade matrix","050","Bangladesh","458","Malaysia","5610","Import quantity","2161","Soya bean oil","2007","2007","t","7061","A","Official figure"
"TM","Detailed trade matrix","050","Bangladesh","458","Malaysia","5610","Import quantity","2161","Soya bean oil","2015","2015","t","89.61","A","Official figure"
"TM","Detailed trade matrix","050","Bangladesh","104","Myanmar","5610","Import quantity","23162","Husked rice","1998","1998","t","1862","A","Official figure"
"TM","Detailed trade matrix","050","Bangladesh","104","Myanmar","5610","Import quantity","23162","Husked rice","2005","2005","t","34204","A","Official figure"
"TM","Detailed trade matrix","050","Bangladesh","104","Myanmar","5610","Import quantity","23162","Husked rice","2015","2015","t","375.1","A","Official figure"
"TM","Detailed trade matrix","050","Bangladesh","104","Myanmar","5910","Export quantity","23162","Husked rice","2015","2015","t","34.18","A","Official figure"
"TM","Detailed trade matrix","050","Bangladesh","104","Myanmar","5610","Import quantity","01253.02","Onions and shallots, dry (excluding dehydrated)","2006","2006","t","202","X","Figure from external organization"
"TM","Detailed trade matrix","050","Bangladesh","104","Myanmar","5610","Import quantity","01253.02","Onions and shallots, dry (excluding dehydrated)","2015","2015","t","3915.54","A","Official figure"
"TM","Detailed trade matrix","050","Bangladesh","104","Myanmar","5610","Import quantity","2165","Palm oil","1986","1986","t","42","A","Official figure"
"TM","Detailed trade matrix","050","Bangladesh","104","Myanmar","5610","Import quantity","0113","Rice","1986","1986","t","18837","A","Official figure"
"TM","Detailed trade matrix","050","Bangladesh","104","Myanmar","5910","Export quantity","0113","Rice","2015","2015","t","2.2","A","Official figure"
"TM","Detailed trade matrix","050","Bangladesh","104","Myanmar","5610","Import quantity","23161.03","Rice, broken","2005","2005","t","25884","A","Official figure"
"TM","Detailed trade matrix","050","Bangladesh","104","Myanmar","5610","Import quantity","23161.03","Rice, broken","2006","2006","t","2786","A","Official figure"
"TM","Detailed trade matrix","050","Bangladesh","104","Myanmar","5610","Import quantity","23161.02","Rice, milled","1986","1986","t","10940","A","Official figure"
"TM","Detailed trade matrix","050","Bangladesh","104","Myanmar","5610","Import quantity","23161.02","Rice, milled","2005","2005","t","5709","A","Official figure"
"TM","Detailed trade matrix","050","Bangladesh","104","Myanmar","5610","Import quantity","23161.02","Rice, milled","2006","2006","t","6191","A","Official figure"
"TM","Detailed trade matrix","050","Bangladesh","104","Myanmar","5610","Import quantity","23161.02","Rice, milled","2015","2015","t","9","A","Official figure"
"TM","Detailed trade matrix","050","Bangladesh","104","Myanmar","5610","Import quantity","F0030","Rice, paddy (rice milled equivalent)","1986","1986","t","23184.05","E","Estimated value"
"TM","Detailed trade matrix","050","Bangladesh","104","Myanmar","5610","Import quantity","F0030","Rice, paddy (rice milled equivalent)","1998","1998","t","1675.8","E","Estimated value"
"TM","Detailed trade matrix","050","Bangladesh","104","Myanmar","5610","Import quantity","F0030","Rice, paddy (rice milled equivalent)","2005","2005","t","62376.6","E","Estimated value"
"TM","Detailed trade matrix","050","Bangladesh","104","Myanmar","5610","Import quantity","F0030","Rice, paddy (rice milled equivalent)","2006","2006","t","8977","E","Estimated value"
"TM","Detailed trade matrix","050","Bangladesh","104","Myanmar","5610","Import quantity","F0030","Rice, paddy (rice milled equivalent)","2015","2015","t","346.59","E","Estimated value"
"TM","Detailed trade matrix","050","Bangladesh","104","Myanmar","5910","Export quantity","F0030","Rice, paddy (rice milled equivalent)","2015","2015","t","32.19","E","Estimated value"
"TM","Detailed trade matrix","050","Bangladesh","586","Pakistan","5610","Import quantity","23162","Husked rice","1998","1998","t","3048","A","Official figure"
"TM","Detailed trade matrix","050","Bangladesh","586","Pakistan","5610","Import quantity","23162","Husked rice","2005","2005","t","7","A","Official figure"
"TM","Detailed trade matrix","050","Bangladesh","586","Pakistan","5610","Import quantity","23162","Husked rice","2015","2015","t","100","A","Official figure"
"TM","Detailed trade matrix","050","Bangladesh","586","Pakistan","5910","Export quantity","23162","Husked rice","2006","2006","t","5","A","Official figure"
"TM","Detailed trade matrix","050","Bangladesh","586","Pakistan","5910","Export quantity","23162","Husked rice","2007","2007","t","8","A","Official figure"
"TM","Detailed trade matrix","050","Bangladesh","586","Pakistan","5910","Export quantity","23162","Husked rice","2015","2015","t","0.2","A","Official figure"
"TM","Detailed trade matrix","050","Bangladesh","586","Pakistan","5610","Import quantity","01253.02","Onions and shallots, dry (excluding dehydrated)","2015","2015","t","14764.81","A","Official figure"
"TM","Detailed trade matrix","050","Bangladesh","586","Pakistan","5610","Import quantity","2165","Palm oil","2006","2006","t","0","A","Official figure"
"TM","Detailed trade matrix","050","Bangladesh","586","Pakistan","5610","Import quantity","0113","Rice","1986","1986","t","3912","A","Official figure"
"TM","Detailed trade matrix","050","Bangladesh","586","Pakistan","5610","Import quantity","0113","Rice","1998","1998","t","263","A","Official figure"
"TM","Detailed trade matrix","050","Bangladesh","586","Pakistan","5610","Import quantity","0113","Rice","2005","2005","t","1157","A","Official figure"
"TM","Detailed trade matrix","050","Bangladesh","586","Pakistan","5610","Import quantity","0113","Rice","2006","2006","t","7014","X","Figure from external organization"
"TM","Detailed trade matrix","050","Bangladesh","586","Pakistan","5610","Import quantity","0113","Rice","2015","2015","t","0.05","A","Official figure"
"TM","Detailed trade matrix","050","Bangladesh","586","Pakistan","5610","Import quantity","23161.03","Rice, broken","1998","1998","t","4209","A","Official figure"
"TM","Detailed trade matrix","050","Bangladesh","586","Pakistan","5610","Import quantity","23161.03","Rice, broken","2005","2005","t","235","A","Official figure"
"TM","Detailed trade matrix","050","Bangladesh","586","Pakistan","5610","Import quantity","23161.03","Rice, broken","2006","2006","t","95","A","Official figure"
"TM","Detailed trade matrix","050","Bangladesh","586","Pakistan","5610","Import quantity","23161.03","Rice, broken","2007","2007","t","0","A","Official figure"
"TM","Detailed trade matrix","050","Bangladesh","586","Pakistan","5610","Import quantity","23161.03","Rice, broken","2015","2015","t","85.78","A","Official figure"
"TM","Detailed trade matrix","050","Bangladesh","586","Pakistan","5910","Export quantity","23161.03","Rice, broken","2007","2007","t","4","A","Official figure"
"TM","Detailed trade matrix","050","Bangladesh","586","Pakistan","5610","Import quantity","23161.02","Rice, milled","1986","1986","t","10306","A","Official figure"
"TM","Detailed trade matrix","050","Bangladesh","586","Pakistan","5610","Import quantity","23161.02","Rice, milled","1998","1998","t","16297","A","Official figure"
"TM","Detailed trade matrix","050","Bangladesh","586","Pakistan","5610","Import quantity","23161.02","Rice, milled","2005","2005","t","112","A","Official figure"
"TM","Detailed trade matrix","050","Bangladesh","586","Pakistan","5610","Import quantity","23161.02","Rice, milled","2006","2006","t","899","A","Official figure"
"TM","Detailed trade matrix","050","Bangladesh","586","Pakistan","5610","Import quantity","23161.02","Rice, milled","2007","2007","t","7265","A","Official figure"
"TM","Detailed trade matrix","050","Bangladesh","586","Pakistan","5610","Import quantity","23161.02","Rice, milled","2015","2015","t","2566.79","A","Official figure"
"TM","Detailed trade matrix","050","Bangladesh","586","Pakistan","5910","Export quantity","23161.02","Rice, milled","2006","2006","t","8","X","Figure from external organization"
"TM","Detailed trade matrix","050","Bangladesh","586","Pakistan","5910","Export quantity","23161.02","Rice, milled","2007","2007","t","127","A","Official figure"
"TM","Detailed trade matrix","050","Bangladesh","586","Pakistan","5610","Import quantity","F0030","Rice, paddy (rice milled equivalent)","1986","1986","t","12848.8","E","Estimated value"
"TM","Detailed trade matrix","050","Bangladesh","586","Pakistan","5610","Import quantity","F0030","Rice, paddy (rice milled equivalent)","1998","1998","t","23420.15","E","Estimated value"
"TM","Detailed trade matrix","050","Bangladesh","586","Pakistan","5610","Import quantity","F0030","Rice, paddy (rice milled equivalent)","2005","2005","t","1105.35","E","Estimated value"
"TM","Detailed trade matrix","050","Bangladesh","586","Pakistan","5610","Import quantity","F0030","Rice, paddy (rice milled equivalent)","2006","2006","t","5553.1","E","Estimated value"
"TM","Detailed trade matrix","050","Bangladesh","586","Pakistan","5610","Import quantity","F0030","Rice, paddy (rice milled equivalent)","2007","2007","t","7265","E","Estimated value"
"TM","Detailed trade matrix","050","Bangladesh","586","Pakistan","5610","Import quantity","F0030","Rice, paddy (rice milled equivalent)","2015","2015","t","2742.61","E","Estimated value"
"TM","Detailed trade matrix","050","Bangladesh","586","Pakistan","5910","Export quantity","F0030","Rice, paddy (rice milled equivalent)","2006","2006","t","12.5","E","Estimated value"
"TM","Detailed trade matrix","050","Bangladesh","586","Pakistan","5910","Export quantity","F0030","Rice, paddy (rice milled equivalent)","2007","2007","t","138.2","E","Estimated value"
"TM","Detailed trade matrix","050","Bangladesh","586","Pakistan","5910","Export quantity","F0030","Rice, paddy (rice milled equivalent)","2015","2015","t","0.18","E","Estimated value"
"TM","Detailed trade matrix","050","Bangladesh","600","Paraguay","5610","Import quantity","2161","Soya bean oil","2015","2015","t","109541.13","A","Official figure"
"TM","Detailed trade matrix","050","Bangladesh","682","Saudi Arabia","5910","Export quantity","23162","Husked rice","2005","2005","t","24","A","Official figure"
"TM","Detailed trade matrix","050","Bangladesh","682","Saudi Arabia","5910","Export quantity","23162","Husked rice","2006","2006","t","188","A","Official figure"
"TM","Detailed trade matrix","050","Bangladesh","682","Saudi Arabia","5910","Export quantity","23162","Husked rice","2007","2007","t","212","A","Official figure"
"TM","Detailed trade matrix","050","Bangladesh","682","Saudi Arabia","5910","Export quantity","23162","Husked rice","2015","2015","t","748.15","A","Official figure"
"TM","Detailed trade matrix","050","Bangladesh","682","Saudi Arabia","5610","Import quantity","2165","Palm oil","1998","1998","t","0","A","Official figure"
"TM","Detailed trade matrix","050","Bangladesh","682","Saudi Arabia","5610","Import quantity","0113","Rice","1998","1998","t","15","A","Official figure"
"TM","Detailed trade matrix","050","Bangladesh","682","Saudi Arabia","5910","Export quantity","0113","Rice","2005","2005","t","647","A","Official figure"
"TM","Detailed trade matrix","050","Bangladesh","682","Saudi Arabia","5910","Export quantity","0113","Rice","2006","2006","t","4622","A","Official figure"
"TM","Detailed trade matrix","050","Bangladesh","682","Saudi Arabia","5910","Export quantity","0113","Rice","2007","2007","t","1975","A","Official figure"
"TM","Detailed trade matrix","050","Bangladesh","682","Saudi Arabia","5910","Export quantity","0113","Rice","2015","2015","t","39.85","A","Official figure"
"TM","Detailed trade matrix","050","Bangladesh","682","Saudi Arabia","5610","Import quantity","23161.03","Rice, broken","2005","2005","t","39","A","Official figure"
"TM","Detailed trade matrix","050","Bangladesh","682","Saudi Arabia","5910","Export quantity","23161.03","Rice, broken","2005","2005","t","10","A","Official figure"
"TM","Detailed trade matrix","050","Bangladesh","682","Saudi Arabia","5910","Export quantity","23161.03","Rice, broken","2006","2006","t","45","A","Official figure"
"TM","Detailed trade matrix","050","Bangladesh","682","Saudi Arabia","5910","Export quantity","23161.03","Rice, broken","2007","2007","t","1755","A","Official figure"
"TM","Detailed trade matrix","050","Bangladesh","682","Saudi Arabia","5910","Export quantity","23161.03","Rice, broken","2015","2015","t","72.5","A","Official figure"
"TM","Detailed trade matrix","050","Bangladesh","682","Saudi Arabia","5910","Export quantity","23161.02","Rice, milled","2005","2005","t","179","A","Official figure"
"TM","Detailed trade matrix","050","Bangladesh","682","Saudi Arabia","5910","Export quantity","23161.02","Rice, milled","2006","2006","t","254","A","Official figure"
"TM","Detailed trade matrix","050","Bangladesh","682","Saudi Arabia","5910","Export quantity","23161.02","Rice, milled","2007","2007","t","424","A","Official figure"
"TM","Detailed trade matrix","050","Bangladesh","682","Saudi Arabia","5910","Export quantity","23161.02","Rice, milled","2015","2015","t","76.58","I","Value imputed by a receiving agency"
"TM","Detailed trade matrix","050","Bangladesh","682","Saudi Arabia","5610","Import quantity","F0030","Rice, paddy (rice milled equivalent)","1998","1998","t","9.75","E","Estimated value"
"TM","Detailed trade matrix","050","Bangladesh","682","Saudi Arabia","5610","Import quantity","F0030","Rice, paddy (rice milled equivalent)","2005","2005","t","39","E","Estimated value"
"TM","Detailed trade matrix","050","Bangladesh","682","Saudi Arabia","5910","Export quantity","F0030","Rice, paddy (rice milled equivalent)","2005","2005","t","631.15","E","Estimated value"
"TM","Detailed trade matrix","050","Bangladesh","682","Saudi Arabia","5910","Export quantity","F0030","Rice, paddy (rice milled equivalent)","2006","2006","t","3472.5","E","Estimated value"
"TM","Detailed trade matrix","050","Bangladesh","682","Saudi Arabia","5910","Export quantity","F0030","Rice, paddy (rice milled equivalent)","2007","2007","t","3653.55","E","Estimated value"
"TM","Detailed trade matrix","050","Bangladesh","682","Saudi Arabia","5910","Export quantity","F0030","Rice, paddy (rice milled equivalent)","2015","2015","t","848.32","E","Estimated value"
"TM","Detailed trade matrix","050","Bangladesh","682","Saudi Arabia","5610","Import quantity","2161","Soya bean oil","1998","1998","t","0","A","Official figure"
"TM","Detailed trade matrix","050","Bangladesh","702","Singapore","5910","Export quantity","39120.02","Bran of rice","2007","2007","t","7","A","Official figure"
"TM","Detailed trade matrix","050","Bangladesh","702","Singapore","5610","Import quantity","23162","Husked rice","2015","2015","t","0.2","A","Official figure"
"TM","Detailed trade matrix","050","Bangladesh","702","Singapore","5910","Export quantity","23162","Husked rice","2005","2005","t","42","A","Official figure"
"TM","Detailed trade matrix","050","Bangladesh","702","Singapore","5910","Export quantity","23162","Husked rice","2006","2006","t","184","A","Official figure"
"TM","Detailed trade matrix","050","Bangladesh","702","Singapore","5910","Export quantity","23162","Husked rice","2015","2015","t","55","A","Official figure"
"TM","Detailed trade matrix","050","Bangladesh","702","Singapore","5610","Import quantity","01253.02","Onions and shallots, dry (excluding dehydrated)","2007","2007","t","0","A","Official figure"
"TM","Detailed trade matrix","050","Bangladesh","702","Singapore","5610","Import quantity","01253.02","Onions and shallots, dry (excluding dehydrated)","2015","2015","t","120","A","Official figure"
"TM","Detailed trade matrix","050","Bangladesh","702","Singapore","5610","Import quantity","2165","Palm oil","1986","1986","t","150702","A","Official figure"
"TM","Detailed trade matrix","050","Bangladesh","702","Singapore","5610","Import quantity","2165","Palm oil","1998","1998","t","2646","A","Official figure"
"TM","Detailed trade matrix","050","Bangladesh","702","Singapore","5610","Import quantity","2165","Palm oil","2006","2006","t","4402","A","Official figure"
"TM","Detailed trade matrix","050","Bangladesh","702","Singapore","5610","Import quantity","2165","Palm oil","2007","2007","t","25","A","Official figure"
"TM","Detailed trade matrix","050","Bangladesh","702","Singapore","5610","Import quantity","2165","Palm oil","2015","2015","t","27386.35","A","Official figure"
"TM","Detailed trade matrix","050","Bangladesh","702","Singapore","5610","Import quantity","0113","Rice","2005","2005","t","2100","A","Official figure"
"TM","Detailed trade matrix","050","Bangladesh","702","Singapore","5610","Import quantity","0113","Rice","2015","2015","t","9.05","A","Official figure"
"TM","Detailed trade matrix","050","Bangladesh","702","Singapore","5910","Export quantity","0113","Rice","2005","2005","t","232","A","Official figure"
"TM","Detailed trade matrix","050","Bangladesh","702","Singapore","5910","Export quantity","0113","Rice","2006","2006","t","1784","A","Official figure"
"TM","Detailed trade matrix","050","Bangladesh","702","Singapore","5910","Export quantity","0113","Rice","2007","2007","t","1689","A","Official figure"
"TM","Detailed trade matrix","050","Bangladesh","702","Singapore","5910","Export quantity","0113","Rice","2015","2015","t","15.51","A","Official figure"
"TM","Detailed trade matrix","050","Bangladesh","702","Singapore","5610","Import quantity","23161.03","Rice, broken","2007","2007","t","0","A","Official figure"
"TM","Detailed trade matrix","050","Bangladesh","702","Singapore","5910","Export quantity","23161.03","Rice, broken","2015","2015","t","84.05","A","Official figure"
"TM","Detailed trade matrix","050","Bangladesh","702","Singapore","5610","Import quantity","23161.02","Rice, milled","2005","2005","t","0","A","Official figure"
"TM","Detailed trade matrix","050","Bangladesh","702","Singapore","5610","Import quantity","23161.02","Rice, milled","2006","2006","t","0","A","Official figure"
"TM","Detailed trade matrix","050","Bangladesh","702","Singapore","5610","Import quantity","23161.02","Rice, milled","2015","2015","t","7.03","A","Official figure"
"TM","Detailed trade matrix","050","Bangladesh","702","Singapore","5910","Export quantity","23161.02","Rice, milled","2005","2005","t","21","A","Official figure"
"TM","Detailed trade matrix","050","Bangladesh","702","Singapore","5910","Export quantity","23161.02","Rice, milled","2006","2006","t","216","A","Official figure"
"TM","Detailed trade matrix","050","Bangladesh","702","Singapore","5910","Export quantity","23161.02","Rice, milled","2007","2007","t","35","A","Official figure"
"TM","Detailed trade matrix","050","Bangladesh","702","Singapore","5910","Export quantity","23161.02","Rice, milled","2015","2015","t","27.08","I","Value imputed by a receiving agency"
"TM","Detailed trade matrix","050","Bangladesh","702","Singapore","5610","Import quantity","F0030","Rice, paddy (rice milled equivalent)","2005","2005","t","1365","E","Estimated value"
"TM","Detailed trade matrix","050","Bangladesh","702","Singapore","5610","Import quantity","F0030","Rice, paddy (rice milled equivalent)","2006","2006","t","0","E","Estimated value"
"TM","Detailed trade matrix","050","Bangladesh","702","Singapore","5610","Import quantity","F0030","Rice, paddy (rice milled equivalent)","2007","2007","t","0","E","Estimated value"
"TM","Detailed trade matrix","050","Bangladesh","702","Singapore","5610","Import quantity","F0030","Rice, paddy (rice milled equivalent)","2015","2015","t","13.09","E","Estimated value"
"TM","Detailed trade matrix","050","Bangladesh","702","Singapore","5910","Export quantity","F0030","Rice, paddy (rice milled equivalent)","2005","2005","t","209.6","E","Estimated value"
"TM","Detailed trade matrix","050","Bangladesh","702","Singapore","5910","Export quantity","F0030","Rice, paddy (rice milled equivalent)","2006","2006","t","1541.2","E","Estimated value"
"TM","Detailed trade matrix","050","Bangladesh","702","Singapore","5910","Export quantity","F0030","Rice, paddy (rice milled equivalent)","2007","2007","t","1132.85","E","Estimated value"
"TM","Detailed trade matrix","050","Bangladesh","702","Singapore","5910","Export quantity","F0030","Rice, paddy (rice milled equivalent)","2015","2015","t","170.71","E","Estimated value"
"TM","Detailed trade matrix","050","Bangladesh","702","Singapore","5610","Import quantity","2161","Soya bean oil","1986","1986","t","2508","A","Official figure"
"TM","Detailed trade matrix","050","Bangladesh","702","Singapore","5610","Import quantity","2161","Soya bean oil","1998","1998","t","30","A","Official figure"
"TM","Detailed trade matrix","050","Bangladesh","702","Singapore","5610","Import quantity","2161","Soya bean oil","2005","2005","t","2","A","Official figure"
"TM","Detailed trade matrix","050","Bangladesh","702","Singapore","5610","Import quantity","2161","Soya bean oil","2015","2015","t","0","A","Official figure"
"TM","Detailed trade matrix","050","Bangladesh","144","Sri Lanka","5610","Import quantity","2165","Palm oil","1986","1986","t","59","A","Official figure"
"TM","Detailed trade matrix","050","Bangladesh","144","Sri Lanka","5610","Import quantity","2165","Palm oil","2015","2015","t","0.01","A","Official figure"
"TM","Detailed trade matrix","050","Bangladesh","144","Sri Lanka","5610","Import quantity","0113","Rice","2005","2005","t","0","X","Figure from external organization"
"TM","Detailed trade matrix","050","Bangladesh","144","Sri Lanka","5610","Import quantity","0113","Rice","2015","2015","t","0.06","A","Official figure"
"TM","Detailed trade matrix","050","Bangladesh","144","Sri Lanka","5610","Import quantity","23161.02","Rice, milled","1998","1998","t","255","A","Official figure"
"TM","Detailed trade matrix","050","Bangladesh","144","Sri Lanka","5910","Export quantity","23161.02","Rice, milled","2005","2005","t","1","A","Official figure"
"TM","Detailed trade matrix","050","Bangladesh","144","Sri Lanka","5910","Export quantity","23161.02","Rice, milled","2006","2006","t","11","A","Official figure"
"TM","Detailed trade matrix","050","Bangladesh","144","Sri Lanka","5610","Import quantity","F0030","Rice, paddy (rice milled equivalent)","1998","1998","t","255","E","Estimated value"
"TM","Detailed trade matrix","050","Bangladesh","144","Sri Lanka","5610","Import quantity","F0030","Rice, paddy (rice milled equivalent)","2005","2005","t","0","E","Estimated value"
"TM","Detailed trade matrix","050","Bangladesh","144","Sri Lanka","5610","Import quantity","F0030","Rice, paddy (rice milled equivalent)","2015","2015","t","0.04","E","Estimated value"
"TM","Detailed trade matrix","050","Bangladesh","144","Sri Lanka","5910","Export quantity","F0030","Rice, paddy (rice milled equivalent)","2005","2005","t","1","E","Estimated value"
"TM","Detailed trade matrix","050","Bangladesh","144","Sri Lanka","5910","Export quantity","F0030","Rice, paddy (rice milled equivalent)","2006","2006","t","11","E","Estimated value"
"TM","Detailed trade matrix","050","Bangladesh","764","Thailand","5610","Import quantity","23162","Husked rice","2005","2005","t","84","A","Official figure"
"TM","Detailed trade matrix","050","Bangladesh","764","Thailand","5610","Import quantity","23162","Husked rice","2015","2015","t","1.4","A","Official figure"
"TM","Detailed trade matrix","050","Bangladesh","764","Thailand","5910","Export quantity","23162","Husked rice","2005","2005","t","5","A","Official figure"
"TM","Detailed trade matrix","050","Bangladesh","764","Thailand","5610","Import quantity","01253.02","Onions and shallots, dry (excluding dehydrated)","2007","2007","t","0","A","Official figure"
"TM","Detailed trade matrix","050","Bangladesh","764","Thailand","5610","Import quantity","01253.02","Onions and shallots, dry (excluding dehydrated)","2015","2015","t","14.84","A","Official figure"
"TM","Detailed trade matrix","050","Bangladesh","764","Thailand","5610","Import quantity","2165","Palm oil","2007","2007","t","17672","A","Official figure"
"TM","Detailed trade matrix","050","Bangladesh","764","Thailand","5610","Import quantity","0113","Rice","2005","2005","t","2000","A","Official figure"
"TM","Detailed trade matrix","050","Bangladesh","764","Thailand","5610","Import quantity","0113","Rice","2006","2006","t","2","A","Official figure"
"TM","Detailed trade matrix","050","Bangladesh","764","Thailand","5610","Import quantity","0113","Rice","2007","2007","t","71","A","Official figure"
"TM","Detailed trade matrix","050","Bangladesh","764","Thailand","5610","Import quantity","0113","Rice","2015","2015","t","9.74","A","Official figure"
"TM","Detailed trade matrix","050","Bangladesh","764","Thailand","5910","Export quantity","0113","Rice","2005","2005","t","5","A","Official figure"
"TM","Detailed trade matrix","050","Bangladesh","764","Thailand","5610","Import quantity","23161.03","Rice, broken","2005","2005","t","989","A","Official figure"
"TM","Detailed trade matrix","050","Bangladesh","764","Thailand","5610","Import quantity","23161.03","Rice, broken","2015","2015","t","0.08","A","Official figure"
"TM","Detailed trade matrix","050","Bangladesh","764","Thailand","5610","Import quantity","23161.02","Rice, milled","1986","1986","t","4199","A","Official figure"
"TM","Detailed trade matrix","050","Bangladesh","764","Thailand","5610","Import quantity","23161.02","Rice, milled","2005","2005","t","8894","A","Official figure"
"TM","Detailed trade matrix","050","Bangladesh","764","Thailand","5610","Import quantity","23161.02","Rice, milled","2006","2006","t","3","A","Official figure"
"TM","Detailed trade matrix","050","Bangladesh","764","Thailand","5610","Import quantity","23161.02","Rice, milled","2007","2007","t","1290","A","Official figure"
"TM","Detailed trade matrix","050","Bangladesh","764","Thailand","5610","Import quantity","23161.02","Rice, milled","2015","2015","t","247.09","A","Official figure"
"TM","Detailed trade matrix","050","Bangladesh","764","Thailand","5610","Import quantity","F0030","Rice, paddy (rice milled equivalent)","1986","1986","t","4199","E","Estimated value"
"TM","Detailed trade matrix","050","Bangladesh","764","Thailand","5610","Import quantity","F0030","Rice, paddy (rice milled equivalent)","2005","2005","t","11258.6","E","Estimated value"
"TM","Detailed trade matrix","050","Bangladesh","764","Thailand","5610","Import quantity","F0030","Rice, paddy (rice milled equivalent)","2006","2006","t","4.3","E","Estimated value"
"TM","Detailed trade matrix","050","Bangladesh","764","Thailand","5610","Import quantity","F0030","Rice, paddy (rice milled equivalent)","2007","2007","t","1336.15","E","Estimated value"
"TM","Detailed trade matrix","050","Bangladesh","764","Thailand","5610","Import quantity","F0030","Rice, paddy (rice milled equivalent)","2015","2015","t","254.75","E","Estimated value"
"TM","Detailed trade matrix","050","Bangladesh","764","Thailand","5910","Export quantity","F0030","Rice, paddy (rice milled equivalent)","2005","2005","t","7.75","E","Estimated value"
"TM","Detailed trade matrix","050","Bangladesh","764","Thailand","5610","Import quantity","2161","Soya bean oil","2005","2005","t","1","A","Official figure"
"TM","Detailed trade matrix","050","Bangladesh","764","Thailand","5610","Import quantity","2161","Soya bean oil","2006","2006","t","1","A","Official figure"
"TM","Detailed trade matrix","050","Bangladesh","784","United Arab Emirates","5910","Export quantity","23162","Husked rice","2006","2006","t","2","A","Official figure"
"TM","Detailed trade matrix","050","Bangladesh","784","United Arab Emirates","5910","Export quantity","23162","Husked rice","2015","2015","t","292","A","Official figure"
"TM","Detailed trade matrix","050","Bangladesh","784","United Arab Emirates","5610","Import quantity","01253.02","Onions and shallots, dry (excluding dehydrated)","2015","2015","t","262.53","A","Official figure"
"TM","Detailed trade matrix","050","Bangladesh","784","United Arab Emirates","5610","Import quantity","2165","Palm oil","1998","1998","t","1","A","Official figure"
"TM","Detailed trade matrix","050","Bangladesh","784","United Arab Emirates","5610","Import quantity","2165","Palm oil","2005","2005","t","0","A","Official figure"
"TM","Detailed trade matrix","050","Bangladesh","784","United Arab Emirates","5610","Import quantity","2165","Palm oil","2015","2015","t","1.68","A","Official figure"
"TM","Detailed trade matrix","050","Bangladesh","784","United Arab Emirates","5610","Import quantity","0113","Rice","1998","1998","t","7","A","Official figure"
"TM","Detailed trade matrix","050","Bangladesh","784","United Arab Emirates","5610","Import quantity","0113","Rice","2015","2015","t","6.01","A","Official figure"
"TM","Detailed trade matrix","050","Bangladesh","784","United Arab Emirates","5910","Export quantity","0113","Rice","1998","1998","t","84","A","Official figure"
"TM","Detailed trade matrix","050","Bangladesh","784","United Arab Emirates","5910","Export quantity","0113","Rice","2005","2005","t","131","A","Official figure"
"TM","Detailed trade matrix","050","Bangladesh","784","United Arab Emirates","5910","Export quantity","0113","Rice","2006","2006","t","1083","A","Official figure"
"TM","Detailed trade matrix","050","Bangladesh","784","United Arab Emirates","5910","Export quantity","0113","Rice","2007","2007","t","1442","A","Official figure"
"TM","Detailed trade matrix","050","Bangladesh","784","United Arab Emirates","5610","Import quantity","23161.03","Rice, broken","2006","2006","t","1","A","Official figure"
"TM","Detailed trade matrix","050","Bangladesh","784","United Arab Emirates","5610","Import quantity","23161.03","Rice, broken","2007","2007","t","24","A","Official figure"
"TM","Detailed trade matrix","050","Bangladesh","784","United Arab Emirates","5910","Export quantity","23161.03","Rice, broken","2005","2005","t","53","A","Official figure"
"TM","Detailed trade matrix","050","Bangladesh","784","United Arab Emirates","5910","Export quantity","23161.03","Rice, broken","2006","2006","t","64","A","Official figure"
"TM","Detailed trade matrix","050","Bangladesh","784","United Arab Emirates","5910","Export quantity","23161.03","Rice, broken","2007","2007","t","100","A","Official figure"
"TM","Detailed trade matrix","050","Bangladesh","784","United Arab Emirates","5910","Export quantity","23161.03","Rice, broken","2015","2015","t","8.6","A","Official figure"
"TM","Detailed trade matrix","050","Bangladesh","784","United Arab Emirates","5610","Import quantity","23161.02","Rice, milled","2015","2015","t","80.76","A","Official figure"
"TM","Detailed trade matrix","050","Bangladesh","784","United Arab Emirates","5910","Export quantity","23161.02","Rice, milled","1998","1998","t","7","A","Official figure"
"TM","Detailed trade matrix","050","Bangladesh","784","United Arab Emirates","5910","Export quantity","23161.02","Rice, milled","2005","2005","t","101","A","Official figure"
"TM","Detailed trade matrix","050","Bangladesh","784","United Arab Emirates","5910","Export quantity","23161.02","Rice, milled","2006","2006","t","769","A","Official figure"
"TM","Detailed trade matrix","050","Bangladesh","784","United Arab Emirates","5910","Export quantity","23161.02","Rice, milled","2007","2007","t","159","A","Official figure"
"TM","Detailed trade matrix","050","Bangladesh","784","United Arab Emirates","5910","Export quantity","23161.02","Rice, milled","2015","2015","t","1.22","I","Value imputed by a receiving agency"
"TM","Detailed trade matrix","050","Bangladesh","784","United Arab Emirates","5610","Import quantity","F0030","Rice, paddy (rice milled equivalent)","1998","1998","t","4.55","E","Estimated value"
"TM","Detailed trade matrix","050","Bangladesh","784","United Arab Emirates","5610","Import quantity","F0030","Rice, paddy (rice milled equivalent)","2006","2006","t","1","E","Estimated value"
"TM","Detailed trade matrix","050","Bangladesh","784","United Arab Emirates","5610","Import quantity","F0030","Rice, paddy (rice milled equivalent)","2007","2007","t","24","E","Estimated value"
"TM","Detailed trade matrix","050","Bangladesh","784","United Arab Emirates","5610","Import quantity","F0030","Rice, paddy (rice milled equivalent)","2015","2015","t","84.66","E","Estimated value"
"TM","Detailed trade matrix","050","Bangladesh","784","United Arab Emirates","5910","Export quantity","F0030","Rice, paddy (rice milled equivalent)","1998","1998","t","61.6","E","Estimated value"
"TM","Detailed trade matrix","050","Bangladesh","784","United Arab Emirates","5910","Export quantity","F0030","Rice, paddy (rice milled equivalent)","2005","2005","t","239.15","E","Estimated value"
"TM","Detailed trade matrix","050","Bangladesh","784","United Arab Emirates","5910","Export quantity","F0030","Rice, paddy (rice milled equivalent)","2006","2006","t","1538.75","E","Estimated value"
"TM","Detailed trade matrix","050","Bangladesh","784","United Arab Emirates","5910","Export quantity","F0030","Rice, paddy (rice milled equivalent)","2007","2007","t","1196.3","E","Estimated value"
"TM","Detailed trade matrix","050","Bangladesh","784","United Arab Emirates","5910","Export quantity","F0030","Rice, paddy (rice milled equivalent)","2015","2015","t","272.62","E","Estimated value"
"TM","Detailed trade matrix","050","Bangladesh","784","United Arab Emirates","5610","Import quantity","2161","Soya bean oil","1998","1998","t","3","A","Official figure"
"TM","Detailed trade matrix","050","Bangladesh","784","United Arab Emirates","5610","Import quantity","2161","Soya bean oil","2005","2005","t","10","A","Official figure"
"TM","Detailed trade matrix","050","Bangladesh","784","United Arab Emirates","5610","Import quantity","2161","Soya bean oil","2006","2006","t","10193","A","Official figure"
"TM","Detailed trade matrix","050","Bangladesh","784","United Arab Emirates","5610","Import quantity","2161","Soya bean oil","2007","2007","t","0","A","Official figure"
"TM","Detailed trade matrix","050","Bangladesh","784","United Arab Emirates","5610","Import quantity","2161","Soya bean oil","2015","2015","t","0.05","A","Official figure"
"TM","Detailed trade matrix","050","Bangladesh","826","United Kingdom of Great Britain and Northern Ireland","5910","Export quantity","39120.02","Bran of rice","2006","2006","t","1","A","Official figure"
"TM","Detailed trade matrix","050","Bangladesh","826","United Kingdom of Great Britain and Northern Ireland","5910","Export quantity","23162","Husked rice","2005","2005","t","0","A","Official figure"
"TM","Detailed trade matrix","050","Bangladesh","826","United Kingdom of Great Britain and Northern Ireland","5910","Export quantity","23162","Husked rice","2006","2006","t","20","A","Official figure"
"TM","Detailed trade matrix","050","Bangladesh","826","United Kingdom of Great Britain and Northern Ireland","5910","Export quantity","23162","Husked rice","2007","2007","t","14","A","Official figure"
"TM","Detailed trade matrix","050","Bangladesh","826","United Kingdom of Great Britain and Northern Ireland","5910","Export quantity","23162","Husked rice","2015","2015","t","58.5","A","Official figure"
"TM","Detailed trade matrix","050","Bangladesh","826","United Kingdom of Great Britain and Northern Ireland","5610","Import quantity","2165","Palm oil","2005","2005","t","2","A","Official figure"
"TM","Detailed trade matrix","050","Bangladesh","826","United Kingdom of Great Britain and Northern Ireland","5910","Export quantity","0113","Rice","2005","2005","t","0","A","Official figure"
"TM","Detailed trade matrix","050","Bangladesh","826","United Kingdom of Great Britain and Northern Ireland","5910","Export quantity","0113","Rice","2006","2006","t","30","A","Official figure"
"TM","Detailed trade matrix","050","Bangladesh","826","United Kingdom of Great Britain and Northern Ireland","5910","Export quantity","0113","Rice","2007","2007","t","2","A","Official figure"
"TM","Detailed trade matrix","050","Bangladesh","826","United Kingdom of Great Britain and Northern Ireland","5910","Export quantity","0113","Rice","2015","2015","t","5.8","A","Official figure"
"TM","Detailed trade matrix","050","Bangladesh","826","United Kingdom of Great Britain and Northern Ireland","5610","Import quantity","23161.03","Rice, broken","2006","2006","t","0","A","Official figure"
"TM","Detailed trade matrix","050","Bangladesh","826","United Kingdom of Great Britain and Northern Ireland","5910","Export quantity","23161.03","Rice, broken","2005","2005","t","5","A","Official figure"
"TM","Detailed trade matrix","050","Bangladesh","826","United Kingdom of Great Britain and Northern Ireland","5910","Export quantity","23161.03","Rice, broken","2015","2015","t","0.5","A","Official figure"
"TM","Detailed trade matrix","050","Bangladesh","826","United Kingdom of Great Britain and Northern Ireland","5910","Export quantity","23161.02","Rice, milled","2005","2005","t","82","A","Official figure"
"TM","Detailed trade matrix","050","Bangladesh","826","United Kingdom of Great Britain and Northern Ireland","5910","Export quantity","23161.02","Rice, milled","2006","2006","t","339","A","Official figure"
"TM","Detailed trade matrix","050","Bangladesh","826","United Kingdom of Great Britain and Northern Ireland","5910","Export quantity","23161.02","Rice, milled","2007","2007","t","85","A","Official figure"
"TM","Detailed trade matrix","050","Bangladesh","826","United Kingdom of Great Britain and Northern Ireland","5910","Export quantity","23161.02","Rice, milled","2015","2015","t","16.07","I","Value imputed by a receiving agency"
"TM","Detailed trade matrix","050","Bangladesh","826","United Kingdom of Great Britain and Northern Ireland","5610","Import quantity","F0030","Rice, paddy (rice milled equivalent)","2006","2006","t","0","E","Estimated value"
"TM","Detailed trade matrix","050","Bangladesh","826","United Kingdom of Great Britain and Northern Ireland","5910","Export quantity","F0030","Rice, paddy (rice milled equivalent)","2005","2005","t","87","E","Estimated value"
"TM","Detailed trade matrix","050","Bangladesh","826","United Kingdom of Great Britain and Northern Ireland","5910","Export quantity","F0030","Rice, paddy (rice milled equivalent)","2006","2006","t","376.5","E","Estimated value"
"TM","Detailed trade matrix","050","Bangladesh","826","United Kingdom of Great Britain and Northern Ireland","5910","Export quantity","F0030","Rice, paddy (rice milled equivalent)","2007","2007","t","98.9","E","Estimated value"
"TM","Detailed trade matrix","050","Bangladesh","826","United Kingdom of Great Britain and Northern Ireland","5910","Export quantity","F0030","Rice, paddy (rice milled equivalent)","2015","2015","t","72.99","E","Estimated value"
"TM","Detailed trade matrix","050","Bangladesh","840","United States of America","5610","Import quantity","23162","Husked rice","1998","1998","t","33","A","Official figure"
"TM","Detailed trade matrix","050","Bangladesh","840","United States of America","5610","Import quantity","23162","Husked rice","2006","2006","t","1","A","Official figure"
"TM","Detailed trade matrix","050","Bangladesh","840","United States of America","5610","Import quantity","23162","Husked rice","2015","2015","t","3.2","A","Official figure"
"TM","Detailed trade matrix","050","Bangladesh","840","United States of America","5910","Export quantity","23162","Husked rice","2005","2005","t","80","A","Official figure"
"TM","Detailed trade matrix","050","Bangladesh","840","United States of America","5910","Export quantity","23162","Husked rice","2006","2006","t","151","A","Official figure"
"TM","Detailed trade matrix","050","Bangladesh","840","United States of America","5910","Export quantity","23162","Husked rice","2007","2007","t","58","A","Official figure"
"TM","Detailed trade matrix","050","Bangladesh","840","United States of America","5910","Export quantity","23162","Husked rice","2015","2015","t","204.59","A","Official figure"
"TM","Detailed trade matrix","050","Bangladesh","840","United States of America","5610","Import quantity","2165","Palm oil","2006","2006","t","3880","A","Official figure"
"TM","Detailed trade matrix","050","Bangladesh","840","United States of America","5610","Import quantity","2165","Palm oil","2007","2007","t","1804","A","Official figure"
"TM","Detailed trade matrix","050","Bangladesh","840","United States of America","5610","Import quantity","0113","Rice","2005","2005","t","7629","A","Official figure"
"TM","Detailed trade matrix","050","Bangladesh","840","United States of America","5610","Import quantity","0113","Rice","2006","2006","t","606","X","Figure from external organization"
"TM","Detailed trade matrix","050","Bangladesh","840","United States of America","5910","Export quantity","0113","Rice","2005","2005","t","79","A","Official figure"
"TM","Detailed trade matrix","050","Bangladesh","840","United States of America","5910","Export quantity","0113","Rice","2006","2006","t","313","A","Official figure"
"TM","Detailed trade matrix","050","Bangladesh","840","United States of America","5910","Export quantity","0113","Rice","2007","2007","t","62","A","Official figure"
"TM","Detailed trade matrix","050","Bangladesh","840","United States of America","5910","Export quantity","0113","Rice","2015","2015","t","62.09","A","Official figure"
"TM","Detailed trade matrix","050","Bangladesh","840","United States of America","5910","Export quantity","23161.03","Rice, broken","2005","2005","t","9","A","Official figure"
"TM","Detailed trade matrix","050","Bangladesh","840","United States of America","5910","Export quantity","23161.03","Rice, broken","2006","2006","t","35","A","Official figure"
"TM","Detailed trade matrix","050","Bangladesh","840","United States of America","5910","Export quantity","23161.03","Rice, broken","2015","2015","t","135.61","A","Official figure"
"TM","Detailed trade matrix","050","Bangladesh","840","United States of America","5610","Import quantity","23161.02","Rice, milled","1986","1986","t","28932","A","Official figure"
"TM","Detailed trade matrix","050","Bangladesh","840","United States of America","5610","Import quantity","23161.02","Rice, milled","1998","1998","t","18","A","Official figure"
"TM","Detailed trade matrix","050","Bangladesh","840","United States of America","5610","Import quantity","23161.02","Rice, milled","2007","2007","t","22","A","Official figure"
"TM","Detailed trade matrix","050","Bangladesh","840","United States of America","5610","Import quantity","23161.02","Rice, milled","2015","2015","t","0.7","A","Official figure"
"TM","Detailed trade matrix","050","Bangladesh","840","United States of America","5910","Export quantity","23161.02","Rice, milled","2005","2005","t","142","A","Official figure"
"TM","Detailed trade matrix","050","Bangladesh","840","United States of America","5910","Export quantity","23161.02","Rice, milled","2006","2006","t","356","A","Official figure"
"TM","Detailed trade matrix","050","Bangladesh","840","United States of America","5910","Export quantity","23161.02","Rice, milled","2007","2007","t","714","A","Official figure"
"TM","Detailed trade matrix","050","Bangladesh","840","United States of America","5910","Export quantity","23161.02","Rice, milled","2015","2015","t","225.72","I","Value imputed by a receiving agency"
"TM","Detailed trade matrix","050","Bangladesh","840","United States of America","5610","Import quantity","F0030","Rice, paddy (rice milled equivalent)","1986","1986","t","28932","E","Estimated value"
"TM","Detailed trade matrix","050","Bangladesh","840","United States of America","5610","Import quantity","F0030","Rice, paddy (rice milled equivalent)","1998","1998","t","47.7","E","Estimated value"
"TM","Detailed trade matrix","050","Bangladesh","840","United States of America","5610","Import quantity","F0030","Rice, paddy (rice milled equivalent)","2005","2005","t","4958.85","E","Estimated value"
"TM","Detailed trade matrix","050","Bangladesh","840","United States of America","5610","Import quantity","F0030","Rice, paddy (rice milled equivalent)","2006","2006","t","394.8","E","Estimated value"
"TM","Detailed trade matrix","050","Bangladesh","840","United States of America","5610","Import quantity","F0030","Rice, paddy (rice milled equivalent)","2007","2007","t","22","E","Estimated value"
"TM","Detailed trade matrix","050","Bangladesh","840","United States of America","5610","Import quantity","F0030","Rice, paddy (rice milled equivalent)","2015","2015","t","3.58","E","Estimated value"
"TM","Detailed trade matrix","050","Bangladesh","840","United States of America","5910","Export quantity","F0030","Rice, paddy (rice milled equivalent)","2005","2005","t","274.35","E","Estimated value"
"TM","Detailed trade matrix","050","Bangladesh","840","United States of America","5910","Export quantity","F0030","Rice, paddy (rice milled equivalent)","2006","2006","t","730.35","E","Estimated value"
"TM","Detailed trade matrix","050","Bangladesh","840","United States of America","5910","Export quantity","F0030","Rice, paddy (rice milled equivalent)","2007","2007","t","806.5","E","Estimated value"
"TM","Detailed trade matrix","050","Bangladesh","840","United States of America","5910","Export quantity","F0030","Rice, paddy (rice milled equivalent)","2015","2015","t","585.82","E","Estimated value"
"TM","Detailed trade matrix","050","Bangladesh","840","United States of America","5610","Import quantity","2161","Soya bean oil","1986","1986","t","40145","A","Official figure"
"TM","Detailed trade matrix","050","Bangladesh","840","United States of America","5610","Import quantity","2161","Soya bean oil","1998","1998","t","23795","A","Official figure"
"TM","Detailed trade matrix","050","Bangladesh","840","United States of America","5610","Import quantity","2161","Soya bean oil","2005","2005","t","486","A","Official figure"
"TM","Detailed trade matrix","050","Bangladesh","840","United States of America","5610","Import quantity","2161","Soya bean oil","2006","2006","t","20977","A","Official figure"
"TM","Detailed trade matrix","050","Bangladesh","840","United States of America","5610","Import quantity","2161","Soya bean oil","2007","2007","t","19612","A","Official figure"
"TM","Detailed trade matrix","050","Bangladesh","840","United States of America","5610","Import quantity","2161","Soya bean oil","2015","2015","t","5987.48","A","Official figure"
"TM","Detailed trade matrix","050","Bangladesh","704","Viet Nam","5610","Import quantity","23162","Husked rice","1998","1998","t","13377","A","Official figure"
"TM","Detailed trade matrix","050","Bangladesh","704","Viet Nam","5610","Import quantity","0113","Rice","1998","1998","t","3324","A","Official figure"
"TM","Detailed trade matrix","050","Bangladesh","704","Viet Nam","5610","Import quantity","23161.02","Rice, milled","1998","1998","t","2061","A","Official figure"
"TM","Detailed trade matrix","050","Bangladesh","704","Viet Nam","5610","Import quantity","23161.02","Rice, milled","2005","2005","t","2662","A","Official figure"
"TM","Detailed trade matrix","050","Bangladesh","704","Viet Nam","5610","Import quantity","F0030","Rice, paddy (rice milled equivalent)","1998","1998","t","16260.9","E","Estimated value"
"TM","Detailed trade matrix","050","Bangladesh","704","Viet Nam","5610","Import quantity","F0030","Rice, paddy (rice milled equivalent)","2005","2005","t","2662","E","Estimated value"
"TM","Detailed trade matrix","050","Bangladesh","704","Viet Nam","5610","Import quantity","2161","Soya bean oil","2015","2015","t","24006.13","A","Official figure"
