Domain Code,Domain,Area Code (M49),Area,Element Code,Element,Item Code (CPC),Item,Year Code,Year,Months Code,Months,Unit,Value,Flag,Flag Description
"PP","Producer Prices","050","Bangladesh","5530","Producer Price (LCU/tonne)","01253.02","Onions and shallots, dry (excluding dehydrated)","1991","1991","7021","Annual value","LCU","13020","A","Official figure"
"PP","Producer Prices","050","Bangladesh","5530","Producer Price (LCU/tonne)","01253.02","Onions and shallots, dry (excluding dehydrated)","1992","1992","7021","Annual value","LCU","7260","A","Official figure"
"PP","Producer Prices","050","Bangladesh","5530","Producer Price (LCU/tonne)","01253.02","Onions and shallots, dry (excluding dehydrated)","1993","1993","7021","Annual value","LCU","7870","A","Official figure"
"PP","Producer Prices","050","Bangladesh","5530","Producer Price (LCU/tonne)","01253.02","Onions and shallots, dry (excluding dehydrated)","1994","1994","7021","Annual value","LCU","7150","A","Official figure"
"PP","Producer Prices","050","Bangladesh","5530","Producer Price (LCU/tonne)","01253.02","Onions and shallots, dry (excluding dehydrated)","1995","1995","7021","Annual value","LCU","5710","A","Official figure"
"PP","Producer Prices","050","Bangladesh","5530","Producer Price (LCU/tonne)","01253.02","Onions and shallots, dry (excluding dehydrated)","1996","1996","7021","Annual value","LCU","6890","A","Official figure"
"PP","Producer Prices","050","Bangladesh","5530","Producer Price (LCU/tonne)","01253.02","Onions and shallots, dry (excluding dehydrated)","1997","1997","7021","Annual value","LCU","7550","A","Official figure"
"PP","Producer Prices","050","Bangladesh","5530","Producer Price (LCU/tonne)","01253.02","Onions and shallots, dry (excluding dehydrated)","1998","1998","7021","Annual value","LCU","14350","A","Official figure"
"PP","Producer Prices","050","Bangladesh","5530","Producer Price (LCU/tonne)","01253.02","Onions and shallots, dry (excluding dehydrated)","1999","1999","7021","Annual value","LCU","12700","A","Official figure"
"PP","Producer Prices","050","Bangladesh","5530","Producer Price (LCU/tonne)","01253.02","Onions and shallots, dry (excluding dehydrated)","2000","2000","7021","Annual value","LCU","13620","A","Official figure"
"PP","Producer Prices","050","Bangladesh","5530","Producer Price (LCU/tonne)","01253.02","Onions and shallots, dry (excluding dehydrated)","2001","2001","7021","Annual value","LCU","9680","A","Official figure"
"PP","Producer Prices","050","Bangladesh","5530","Producer Price (LCU/tonne)","01253.02","Onions and shallots, dry (excluding dehydrated)","2002","2002","7021","Annual value","LCU","12890","A","Official figure"
"PP","Producer Prices","050","Bangladesh","5530","Producer Price (LCU/tonne)","01253.02","Onions and shallots, dry (excluding dehydrated)","2003","2003","7021","Annual value","LCU","14000","A","Official figure"
"PP","Producer Prices","050","Bangladesh","5530","Producer Price (LCU/tonne)","01253.02","Onions and shallots, dry (excluding dehydrated)","2004","2004","7021","Annual value","LCU","15000","A","Official figure"
"PP","Producer Prices","050","Bangladesh","5530","Producer Price (LCU/tonne)","01253.02","Onions and shallots, dry (excluding dehydrated)","2005","2005","7021","Annual value","LCU","16000","A","Official figure"
"PP","Producer Prices","050","Bangladesh","5530","Producer Price (LCU/tonne)","01253.02","Onions and shallots, dry (excluding dehydrated)","2006","2006","7021","Annual value","LCU","16250","A","Official figure"
"PP","Producer Prices","050","Bangladesh","5530","Producer Price (LCU/tonne)","01253.02","Onions and shallots, dry (excluding dehydrated)","2007","2007","7021","Annual value","LCU","14030","A","Official figure"
"PP","Producer Prices","050","Bangladesh","5530","Producer Price (LCU/tonne)","01253.02","Onions and shallots, dry (excluding dehydrated)","2008","2008","7021","Annual value","LCU","23950","A","Official figure"
"PP","Producer Prices","050","Bangladesh","5530","Producer Price (LCU/tonne)","01253.02","Onions and shallots, dry (excluding dehydrated)","2009","2009","7021","Annual value","LCU","23720","A","Official figure"
"PP","Producer Prices","050","Bangladesh","5530","Producer Price (LCU/tonne)","01253.02","Onions and shallots, dry (excluding dehydrated)","2010","2010","7021","Annual value","LCU","22820","A","Official figure"
"PP","Producer Prices","050","Bangladesh","5530","Producer Price (LCU/tonne)","01253.02","Onions and shallots, dry (excluding dehydrated)","2010","2010","7001","January","LCU","25970","A","Official figure"
"PP","Producer Prices","050","Bangladesh","5530","Producer Price (LCU/tonne)","01253.02","Onions and shallots, dry (excluding dehydrated)","2010","2010","7002","February","LCU","24170","A","Official figure"
"PP","Producer Prices","050","Bangladesh","5530","Producer Price (LCU/tonne)","01253.02","Onions and shallots, dry (excluding dehydrated)","2010","2010","7003","March","LCU","16140","A","Official figure"
"PP","Producer Prices","050","Bangladesh","5530","Producer Price (LCU/tonne)","01253.02","Onions and shallots, dry (excluding dehydrated)","2010","2010","7011","November","LCU","31420","A","Official figure"
"PP","Producer Prices","050","Bangladesh","5530","Producer Price (LCU/tonne)","01253.02","Onions and shallots, dry (excluding dehydrated)","2010","2010","7012","December","LCU","30600","A","Official figure"
"PP","Producer Prices","050","Bangladesh","5530","Producer Price (LCU/tonne)","01253.02","Onions and shallots, dry (excluding dehydrated)","2011","2011","7021","Annual value","LCU","15540","A","Official figure"
"PP","Producer Prices","050","Bangladesh","5530","Producer Price (LCU/tonne)","01253.02","Onions and shallots, dry (excluding dehydrated)","2011","2011","7001","January","LCU","31230","A","Official figure"
"PP","Producer Prices","050","Bangladesh","5530","Producer Price (LCU/tonne)","01253.02","Onions and shallots, dry (excluding dehydrated)","2011","2011","7002","February","LCU","22210","A","Official figure"
"PP","Producer Prices","050","Bangladesh","5530","Producer Price (LCU/tonne)","01253.02","Onions and shallots, dry (excluding dehydrated)","2011","2011","7003","March","LCU","16780","A","Official figure"
"PP","Producer Prices","050","Bangladesh","5530","Producer Price (LCU/tonne)","01253.02","Onions and shallots, dry (excluding dehydrated)","2011","2011","7004","April","LCU","14710","A","Official figure"
"PP","Producer Prices","050","Bangladesh","5530","Producer Price (LCU/tonne)","01253.02","Onions and shallots, dry (excluding dehydrated)","2012","2012","7021","Annual value","LCU","28190","A","Official figure"
"PP","Producer Prices","050","Bangladesh","5530","Producer Price (LCU/tonne)","01253.02","Onions and shallots, dry (excluding dehydrated)","2013","2013","7021","Annual value","LCU","41650","A","Official figure"
"PP","Producer Prices","050","Bangladesh","5530","Producer Price (LCU/tonne)","01253.02","Onions and shallots, dry (excluding dehydrated)","2013","2013","7001","January","LCU","23090","A","Official figure"
"PP","Producer Prices","050","Bangladesh","5530","Producer Price (LCU/tonne)","01253.02","Onions and shallots, dry (excluding dehydrated)","2013","2013","7002","February","LCU","29650","A","Official figure"
"PP","Producer Prices","050","Bangladesh","5530","Producer Price (LCU/tonne)","01253.02","Onions and shallots, dry (excluding dehydrated)","2013","2013","7003","March","LCU","25170","A","Official figure"
"PP","Producer Prices","050","Bangladesh","5530","Producer Price (LCU/tonne)","01253.02","Onions and shallots, dry (excluding dehydrated)","2013","2013","7004","April","LCU","20120","A","Official figure"
"PP","Producer Prices","050","Bangladesh","5530","Producer Price (LCU/tonne)","01253.02","Onions and shallots, dry (excluding dehydrated)","2013","2013","7007","July","LCU","39340","A","Official figure"
"PP","Producer Prices","050","Bangladesh","5530","Producer Price (LCU/tonne)","01253.02","Onions and shallots, dry (excluding dehydrated)","2013","2013","7008","August","LCU","51130","A","Official figure"
"PP","Producer Prices","050","Bangladesh","5530","Producer Price (LCU/tonne)","01253.02","Onions and shallots, dry (excluding dehydrated)","2013","2013","7009","September","LCU","59810","A","Official figure"
"PP","Producer Prices","050","Bangladesh","5530","Producer Price (LCU/tonne)","01253.02","Onions and shallots, dry (excluding dehydrated)","2013","2013","7010","October","LCU","78630","A","Official figure"
"PP","Producer Prices","050","Bangladesh","5530","Producer Price (LCU/tonne)","01253.02","Onions and shallots, dry (excluding dehydrated)","2013","2013","7011","November","LCU","79160","A","Official figure"
"PP","Producer Prices","050","Bangladesh","5530","Producer Price (LCU/tonne)","01253.02","Onions and shallots, dry (excluding dehydrated)","2013","2013","7012","December","LCU","75690","A","Official figure"
"PP","Producer Prices","050","Bangladesh","5530","Producer Price (LCU/tonne)","01253.02","Onions and shallots, dry (excluding dehydrated)","2014","2014","7021","Annual value","LCU","28870","A","Official figure"
"PP","Producer Prices","050","Bangladesh","5530","Producer Price (LCU/tonne)","01253.02","Onions and shallots, dry (excluding dehydrated)","2014","2014","7001","January","LCU","27780","A","Official figure"
"PP","Producer Prices","050","Bangladesh","5530","Producer Price (LCU/tonne)","01253.02","Onions and shallots, dry (excluding dehydrated)","2014","2014","7002","February","LCU","16660","A","Official figure"
"PP","Producer Prices","050","Bangladesh","5530","Producer Price (LCU/tonne)","01253.02","Onions and shallots, dry (excluding dehydrated)","2014","2014","7003","March","LCU","20060","A","Official figure"
"PP","Producer Prices","050","Bangladesh","5530","Producer Price (LCU/tonne)","01253.02","Onions and shallots, dry (excluding dehydrated)","2014","2014","7004","April","LCU","18200","A","Official figure"
"PP","Producer Prices","050","Bangladesh","5530","Producer Price (LCU/tonne)","01253.02","Onions and shallots, dry (excluding dehydrated)","2014","2014","7005","May","LCU","24640","A","Official figure"
"PP","Producer Prices","050","Bangladesh","5530","Producer Price (LCU/tonne)","01253.02","Onions and shallots, dry (excluding dehydrated)","2014","2014","7006","June","LCU","27790","A","Official figure"
"PP","Producer Prices","050","Bangladesh","5530","Producer Price (LCU/tonne)","01253.02","Onions and shallots, dry (excluding dehydrated)","2014","2014","7007","July","LCU","31120","A","Official figure"
"PP","Producer Prices","050","Bangladesh","5530","Producer Price (LCU/tonne)","01253.02","Onions and shallots, dry (excluding dehydrated)","2014","2014","7008","August","LCU","31660","A","Official figure"
"PP","Producer Prices","050","Bangladesh","5530","Producer Price (LCU/tonne)","01253.02","Onions and shallots, dry (excluding dehydrated)","2014","2014","7009","September","LCU","32880","A","Official figure"
"PP","Producer Prices","050","Bangladesh","5530","Producer Price (LCU/tonne)","01253.02","Onions and shallots, dry (excluding dehydrated)","2014","2014","7010","October","LCU","34920","A","Official figure"
"PP","Producer Prices","050","Bangladesh","5530","Producer Price (LCU/tonne)","01253.02","Onions and shallots, dry (excluding dehydrated)","2014","2014","7011","November","LCU","30550","A","Official figure"
"PP","Producer Prices","050","Bangladesh","5530","Producer Price (LCU/tonne)","01253.02","Onions and shallots, dry (excluding dehydrated)","2014","2014","7012","December","LCU","34180","A","Official figure"
"PP","Producer Prices","050","Bangladesh","5530","Producer Price (LCU/tonne)","01253.02","Onions and shallots, dry (excluding dehydrated)","2015","2015","7021","Annual value","LCU","38119.2","A","Official figure"
"PP","Producer Prices","050","Bangladesh","5530","Producer Price (LCU/tonne)","01253.02","Onions and shallots, dry (excluding dehydrated)","2015","2015","7001","January","LCU","23950","A","Official figure"
"PP","Producer Prices","050","Bangladesh","5530","Producer Price (LCU/tonne)","01253.02","Onions and shallots, dry (excluding dehydrated)","2015","2015","7002","February","LCU","30910","A","Official figure"
"PP","Producer Prices","050","Bangladesh","5530","Producer Price (LCU/tonne)","01253.02","Onions and shallots, dry (excluding dehydrated)","2015","2015","7003","March","LCU","27630","A","Official figure"
"PP","Producer Prices","050","Bangladesh","5530","Producer Price (LCU/tonne)","01253.02","Onions and shallots, dry (excluding dehydrated)","2015","2015","7004","April","LCU","23750","A","Official figure"
"PP","Producer Prices","050","Bangladesh","5530","Producer Price (LCU/tonne)","01253.02","Onions and shallots, dry (excluding dehydrated)","2015","2015","7005","May","LCU","32590","A","Official figure"
"PP","Producer Prices","050","Bangladesh","5530","Producer Price (LCU/tonne)","01253.02","Onions and shallots, dry (excluding dehydrated)","2015","2015","7006","June","LCU","34550","A","Official figure"
"PP","Producer Prices","050","Bangladesh","5530","Producer Price (LCU/tonne)","01253.02","Onions and shallots, dry (excluding dehydrated)","2015","2015","7007","July","LCU","38220","A","Official figure"
"PP","Producer Prices","050","Bangladesh","5530","Producer Price (LCU/tonne)","01253.02","Onions and shallots, dry (excluding dehydrated)","2015","2015","7008","August","LCU","52610","A","Official figure"
"PP","Producer Prices","050","Bangladesh","5530","Producer Price (LCU/tonne)","01253.02","Onions and shallots, dry (excluding dehydrated)","2015","2015","7009","September","LCU","63780","A","Official figure"
"PP","Producer Prices","050","Bangladesh","5530","Producer Price (LCU/tonne)","01253.02","Onions and shallots, dry (excluding dehydrated)","2015","2015","7010","October","LCU","52270","A","Official figure"
"PP","Producer Prices","050","Bangladesh","5530","Producer Price (LCU/tonne)","01253.02","Onions and shallots, dry (excluding dehydrated)","2015","2015","7011","November","LCU","45860","A","Official figure"
"PP","Producer Prices","050","Bangladesh","5530","Producer Price (LCU/tonne)","01253.02","Onions and shallots, dry (excluding dehydrated)","2015","2015","7012","December","LCU","31310","A","Official figure"
"PP","Producer Prices","050","Bangladesh","5530","Producer Price (LCU/tonne)","01253.02","Onions and shallots, dry (excluding dehydrated)","2016","2016","7021","Annual value","LCU","24510","A","Official figure"
"PP","Producer Prices","050","Bangladesh","5530","Producer Price (LCU/tonne)","01253.02","Onions and shallots, dry (excluding dehydrated)","2016","2016","7001","January","LCU","19680","A","Official figure"
"PP","Producer Prices","050","Bangladesh","5530","Producer Price (LCU/tonne)","01253.02","Onions and shallots, dry (excluding dehydrated)","2016","2016","7002","February","LCU","18810","A","Official figure"
"PP","Producer Prices","050","Bangladesh","5530","Producer Price (LCU/tonne)","01253.02","Onions and shallots, dry (excluding dehydrated)","2016","2016","7003","March","LCU","21400","A","Official figure"
"PP","Producer Prices","050","Bangladesh","5530","Producer Price (LCU/tonne)","01253.02","Onions and shallots, dry (excluding dehydrated)","2016","2016","7004","April","LCU","24510","A","Official figure"
"PP","Producer Prices","050","Bangladesh","5530","Producer Price (LCU/tonne)","01253.02","Onions and shallots, dry (excluding dehydrated)","2016","2016","7005","May","LCU","30880","A","Official figure"
"PP","Producer Prices","050","Bangladesh","5530","Producer Price (LCU/tonne)","01253.02","Onions and shallots, dry (excluding dehydrated)","2016","2016","7006","June","LCU","29070","A","Official figure"
"PP","Producer Prices","050","Bangladesh","5530","Producer Price (LCU/tonne)","01253.02","Onions and shallots, dry (excluding dehydrated)","2016","2016","7007","July","LCU","27140","A","Official figure"
"PP","Producer Prices","050","Bangladesh","5530","Producer Price (LCU/tonne)","01253.02","Onions and shallots, dry (excluding dehydrated)","2016","2016","7008","August","LCU","27250","A","Official figure"
"PP","Producer Prices","050","Bangladesh","5530","Producer Price (LCU/tonne)","01253.02","Onions and shallots, dry (excluding dehydrated)","2016","2016","7009","September","LCU","27640","A","Official figure"
"PP","Producer Prices","050","Bangladesh","5530","Producer Price (LCU/tonne)","01253.02","Onions and shallots, dry (excluding dehydrated)","2016","2016","7010","October","LCU","22510","A","Official figure"
"PP","Producer Prices","050","Bangladesh","5530","Producer Price (LCU/tonne)","01253.02","Onions and shallots, dry (excluding dehydrated)","2016","2016","7011","November","LCU","23490","A","Official figure"
"PP","Producer Prices","050","Bangladesh","5530","Producer Price (LCU/tonne)","01253.02","Onions and shallots, dry (excluding dehydrated)","2016","2016","7012","December","LCU","21760","A","Official figure"
"PP","Producer Prices","050","Bangladesh","5530","Producer Price (LCU/tonne)","01253.02","Onions and shallots, dry (excluding dehydrated)","2017","2017","7021","Annual value","LCU","21650","A","Official figure"
"PP","Producer Prices","050","Bangladesh","5530","Producer Price (LCU/tonne)","01253.02","Onions and shallots, dry (excluding dehydrated)","2017","2017","7001","January","LCU","15320","A","Official figure"
"PP","Producer Prices","050","Bangladesh","5530","Producer Price (LCU/tonne)","01253.02","Onions and shallots, dry (excluding dehydrated)","2017","2017","7002","February","LCU","16730","A","Official figure"
"PP","Producer Prices","050","Bangladesh","5530","Producer Price (LCU/tonne)","01253.02","Onions and shallots, dry (excluding dehydrated)","2017","2017","7003","March","LCU","15730","A","Official figure"
"PP","Producer Prices","050","Bangladesh","5530","Producer Price (LCU/tonne)","01253.02","Onions and shallots, dry (excluding dehydrated)","2017","2017","7004","April","LCU","19260","A","Official figure"
"PP","Producer Prices","050","Bangladesh","5530","Producer Price (LCU/tonne)","01253.02","Onions and shallots, dry (excluding dehydrated)","2017","2017","7005","May","LCU","21540","A","Official figure"
"PP","Producer Prices","050","Bangladesh","5530","Producer Price (LCU/tonne)","01253.02","Onions and shallots, dry (excluding dehydrated)","2017","2017","7006","June","LCU","20150","A","Official figure"
"PP","Producer Prices","050","Bangladesh","5530","Producer Price (LCU/tonne)","01253.02","Onions and shallots, dry (excluding dehydrated)","2017","2017","7007","July","LCU","21960","A","Official figure"
"PP","Producer Prices","050","Bangladesh","5530","Producer Price (LCU/tonne)","01253.02","Onions and shallots, dry (excluding dehydrated)","2017","2017","7008","August","LCU","39920","A","Official figure"
"PP","Producer Prices","050","Bangladesh","5530","Producer Price (LCU/tonne)","01253.02","Onions and shallots, dry (excluding dehydrated)","2017","2017","7009","September","LCU","38460","A","Official figure"
"PP","Producer Prices","050","Bangladesh","5530","Producer Price (LCU/tonne)","01253.02","Onions and shallots, dry (excluding dehydrated)","2017","2017","7010","October","LCU","43910","A","Official figure"
"PP","Producer Prices","050","Bangladesh","5530","Producer Price (LCU/tonne)","01253.02","Onions and shallots, dry (excluding dehydrated)","2017","2017","7011","November","LCU","63710","A","Official figure"
"PP","Producer Prices","050","Bangladesh","5530","Producer Price (LCU/tonne)","01253.02","Onions and shallots, dry (excluding dehydrated)","2017","2017","7012","December","LCU","70270","A","Official figure"
"PP","Producer Prices","050","Bangladesh","5530","Producer Price (LCU/tonne)","01253.02","Onions and shallots, dry (excluding dehydrated)","2018","2018","7021","Annual value","LCU","40520","A","Official figure"
"PP","Producer Prices","050","Bangladesh","5530","Producer Price (LCU/tonne)","01253.02","Onions and shallots, dry (excluding dehydrated)","2018","2018","7001","January","LCU","52260","A","Official figure"
"PP","Producer Prices","050","Bangladesh","5530","Producer Price (LCU/tonne)","01253.02","Onions and shallots, dry (excluding dehydrated)","2018","2018","7002","February","LCU","42000","A","Official figure"
"PP","Producer Prices","050","Bangladesh","5530","Producer Price (LCU/tonne)","01253.02","Onions and shallots, dry (excluding dehydrated)","2018","2018","7003","March","LCU","32000","A","Official figure"
"PP","Producer Prices","050","Bangladesh","5530","Producer Price (LCU/tonne)","01253.02","Onions and shallots, dry (excluding dehydrated)","2018","2018","7004","April","LCU","27240","A","Official figure"
"PP","Producer Prices","050","Bangladesh","5530","Producer Price (LCU/tonne)","01253.02","Onions and shallots, dry (excluding dehydrated)","2018","2018","7005","May","LCU","35480","A","Official figure"
"PP","Producer Prices","050","Bangladesh","5530","Producer Price (LCU/tonne)","01253.02","Onions and shallots, dry (excluding dehydrated)","2018","2018","7006","June","LCU","34370","A","Official figure"
"PP","Producer Prices","050","Bangladesh","5530","Producer Price (LCU/tonne)","01253.02","Onions and shallots, dry (excluding dehydrated)","2018","2018","7007","July","LCU","39260","A","Official figure"
"PP","Producer Prices","050","Bangladesh","5530","Producer Price (LCU/tonne)","01253.02","Onions and shallots, dry (excluding dehydrated)","2018","2018","7008","August","LCU","46460","A","Official figure"
"PP","Producer Prices","050","Bangladesh","5530","Producer Price (LCU/tonne)","01253.02","Onions and shallots, dry (excluding dehydrated)","2018","2018","7009","September","LCU","41610","A","Official figure"
"PP","Producer Prices","050","Bangladesh","5530","Producer Price (LCU/tonne)","01253.02","Onions and shallots, dry (excluding dehydrated)","2018","2018","7010","October","LCU","35860","A","Official figure"
"PP","Producer Prices","050","Bangladesh","5530","Producer Price (LCU/tonne)","01253.02","Onions and shallots, dry (excluding dehydrated)","2018","2018","7011","November","LCU","29780","A","Official figure"
"PP","Producer Prices","050","Bangladesh","5530","Producer Price (LCU/tonne)","01253.02","Onions and shallots, dry (excluding dehydrated)","2018","2018","7012","December","LCU","21680","A","Official figure"
"PP","Producer Prices","050","Bangladesh","5530","Producer Price (LCU/tonne)","01253.02","Onions and shallots, dry (excluding dehydrated)","2019","2019","7021","Annual value","LCU","25420","A","Official figure"
"PP","Producer Prices","050","Bangladesh","5530","Producer Price (LCU/tonne)","01253.02","Onions and shallots, dry (excluding dehydrated)","2019","2019","7001","January","LCU","15250","A","Official figure"
"PP","Producer Prices","050","Bangladesh","5530","Producer Price (LCU/tonne)","01253.02","Onions and shallots, dry (excluding dehydrated)","2019","2019","7002","February","LCU","13920","A","Official figure"
"PP","Producer Prices","050","Bangladesh","5530","Producer Price (LCU/tonne)","01253.02","Onions and shallots, dry (excluding dehydrated)","2019","2019","7003","March","LCU","15130","A","Official figure"
"PP","Producer Prices","050","Bangladesh","5530","Producer Price (LCU/tonne)","01253.02","Onions and shallots, dry (excluding dehydrated)","2019","2019","7004","April","LCU","21630","A","Official figure"
"PP","Producer Prices","050","Bangladesh","5530","Producer Price (LCU/tonne)","01253.02","Onions and shallots, dry (excluding dehydrated)","2019","2019","7005","May","LCU","22960","A","Official figure"
"PP","Producer Prices","050","Bangladesh","5530","Producer Price (LCU/tonne)","01253.02","Onions and shallots, dry (excluding dehydrated)","2019","2019","7006","June","LCU","19120","A","Official figure"
"PP","Producer Prices","050","Bangladesh","5530","Producer Price (LCU/tonne)","01253.02","Onions and shallots, dry (excluding dehydrated)","2019","2019","7007","July","LCU","29920","A","Official figure"
"PP","Producer Prices","050","Bangladesh","5530","Producer Price (LCU/tonne)","01253.02","Onions and shallots, dry (excluding dehydrated)","2019","2019","7008","August","LCU","33110","A","Official figure"
"PP","Producer Prices","050","Bangladesh","5530","Producer Price (LCU/tonne)","01253.02","Onions and shallots, dry (excluding dehydrated)","2019","2019","7009","September","LCU","52060","A","Official figure"
"PP","Producer Prices","050","Bangladesh","5530","Producer Price (LCU/tonne)","01253.02","Onions and shallots, dry (excluding dehydrated)","2019","2019","7010","October","LCU","81750","A","Official figure"
"PP","Producer Prices","050","Bangladesh","5530","Producer Price (LCU/tonne)","01253.02","Onions and shallots, dry (excluding dehydrated)","2019","2019","7011","November","LCU","141970","A","Official figure"
"PP","Producer Prices","050","Bangladesh","5530","Producer Price (LCU/tonne)","01253.02","Onions and shallots, dry (excluding dehydrated)","2019","2019","7012","December","LCU","116250","A","Official figure"
"PP","Producer Prices","050","Bangladesh","5530","Producer Price (LCU/tonne)","01253.02","Onions and shallots, dry (excluding dehydrated)","2020","2020","7021","Annual value","LCU","66100","A","Official figure"
"PP","Producer Prices","050","Bangladesh","5530","Producer Price (LCU/tonne)","01253.02","Onions and shallots, dry (excluding dehydrated)","2020","2020","7001","January","LCU","92450","A","Official figure"
"PP","Producer Prices","050","Bangladesh","5530","Producer Price (LCU/tonne)","01253.02","Onions and shallots, dry (excluding dehydrated)","2020","2020","7002","February","LCU","83680","A","Official figure"
"PP","Producer Prices","050","Bangladesh","5530","Producer Price (LCU/tonne)","01253.02","Onions and shallots, dry (excluding dehydrated)","2020","2020","7003","March","LCU","41690","A","Official figure"
"PP","Producer Prices","050","Bangladesh","5530","Producer Price (LCU/tonne)","01253.02","Onions and shallots, dry (excluding dehydrated)","2020","2020","7004","April","LCU","50280","A","Official figure"
"PP","Producer Prices","050","Bangladesh","5530","Producer Price (LCU/tonne)","01253.02","Onions and shallots, dry (excluding dehydrated)","2020","2020","7005","May","LCU","35300","A","Official figure"
"PP","Producer Prices","050","Bangladesh","5530","Producer Price (LCU/tonne)","01253.02","Onions and shallots, dry (excluding dehydrated)","2020","2020","7006","June","LCU","34720","A","Official figure"
"PP","Producer Prices","050","Bangladesh","5530","Producer Price (LCU/tonne)","01253.02","Onions and shallots, dry (excluding dehydrated)","2020","2020","7007","July","LCU","35250","A","Official figure"
"PP","Producer Prices","050","Bangladesh","5530","Producer Price (LCU/tonne)","01253.02","Onions and shallots, dry (excluding dehydrated)","2020","2020","7008","August","LCU","36920","A","Official figure"
"PP","Producer Prices","050","Bangladesh","5530","Producer Price (LCU/tonne)","01253.02","Onions and shallots, dry (excluding dehydrated)","2020","2020","7009","September","LCU","60230","A","Official figure"
"PP","Producer Prices","050","Bangladesh","5530","Producer Price (LCU/tonne)","01253.02","Onions and shallots, dry (excluding dehydrated)","2020","2020","7010","October","LCU","72540","A","Official figure"
"PP","Producer Prices","050","Bangladesh","5530","Producer Price (LCU/tonne)","01253.02","Onions and shallots, dry (excluding dehydrated)","2020","2020","7011","November","LCU","59680","A","Official figure"
"PP","Producer Prices","050","Bangladesh","5530","Producer Price (LCU/tonne)","01253.02","Onions and shallots, dry (excluding dehydrated)","2020","2020","7012","December","LCU","42160","A","Official figure"
"PP","Producer Prices","050","Bangladesh","5530","Producer Price (LCU/tonne)","01253.02","Onions and shallots, dry (excluding dehydrated)","2021","2021","7021","Annual value","LCU","41180","A","Official figure"
"PP","Producer Prices","050","Bangladesh","5530","Producer Price (LCU/tonne)","01253.02","Onions and shallots, dry (excluding dehydrated)","2021","2021","7001","January","LCU","26580","A","Official figure"
"PP","Producer Prices","050","Bangladesh","5530","Producer Price (LCU/tonne)","01253.02","Onions and shallots, dry (excluding dehydrated)","2021","2021","7002","February","LCU","22240","A","Official figure"
"PP","Producer Prices","050","Bangladesh","5530","Producer Price (LCU/tonne)","01253.02","Onions and shallots, dry (excluding dehydrated)","2021","2021","7003","March","LCU","28030","A","Official figure"
"PP","Producer Prices","050","Bangladesh","5530","Producer Price (LCU/tonne)","01253.02","Onions and shallots, dry (excluding dehydrated)","2021","2021","7004","April","LCU","37630","A","Official figure"
"PP","Producer Prices","050","Bangladesh","5530","Producer Price (LCU/tonne)","01253.02","Onions and shallots, dry (excluding dehydrated)","2021","2021","7005","May","LCU","32460","A","Official figure"
"PP","Producer Prices","050","Bangladesh","5530","Producer Price (LCU/tonne)","01253.02","Onions and shallots, dry (excluding dehydrated)","2021","2021","7006","June","LCU","40380","A","Official figure"
"PP","Producer Prices","050","Bangladesh","5530","Producer Price (LCU/tonne)","01253.02","Onions and shallots, dry (excluding dehydrated)","2021","2021","7007","July","LCU","34730","A","Official figure"
"PP","Producer Prices","050","Bangladesh","5530","Producer Price (LCU/tonne)","01253.02","Onions and shallots, dry (excluding dehydrated)","2021","2021","7008","August","LCU","36280","A","Official figure"
"PP","Producer Prices","050","Bangladesh","5530","Producer Price (LCU/tonne)","01253.02","Onions and shallots, dry (excluding dehydrated)","2021","2021","7009","September","LCU","33560","A","Official figure"
"PP","Producer Prices","050","Bangladesh","5530","Producer Price (LCU/tonne)","01253.02","Onions and shallots, dry (excluding dehydrated)","2021","2021","7010","October","LCU","35890","A","Official figure"
"PP","Producer Prices","050","Bangladesh","5530","Producer Price (LCU/tonne)","01253.02","Onions and shallots, dry (excluding dehydrated)","2021","2021","7011","November","LCU","36900","A","Official figure"
"PP","Producer Prices","050","Bangladesh","5530","Producer Price (LCU/tonne)","01253.02","Onions and shallots, dry (excluding dehydrated)","2021","2021","7012","December","LCU","32250","A","Official figure"
"PP","Producer Prices","050","Bangladesh","5530","Producer Price (LCU/tonne)","01253.02","Onions and shallots, dry (excluding dehydrated)","2022","2022","7021","Annual value","LCU","49165.6","I","Value imputed by a receiving agency"
"PP","Producer Prices","050","Bangladesh","5530","Producer Price (LCU/tonne)","01253.02","Onions and shallots, dry (excluding dehydrated)","2022","2022","7001","January","LCU","20650","A","Official figure"
"PP","Producer Prices","050","Bangladesh","5530","Producer Price (LCU/tonne)","01253.02","Onions and shallots, dry (excluding dehydrated)","2022","2022","7002","February","LCU","18860","A","Official figure"
"PP","Producer Prices","050","Bangladesh","5530","Producer Price (LCU/tonne)","01253.02","Onions and shallots, dry (excluding dehydrated)","2022","2022","7003","March","LCU","31690","A","Official figure"
"PP","Producer Prices","050","Bangladesh","5530","Producer Price (LCU/tonne)","01253.02","Onions and shallots, dry (excluding dehydrated)","2022","2022","7004","April","LCU","21190","A","Official figure"
"PP","Producer Prices","050","Bangladesh","5530","Producer Price (LCU/tonne)","01253.02","Onions and shallots, dry (excluding dehydrated)","2022","2022","7005","May","LCU","26950","A","Official figure"
"PP","Producer Prices","050","Bangladesh","5530","Producer Price (LCU/tonne)","01253.02","Onions and shallots, dry (excluding dehydrated)","2022","2022","7006","June","LCU","30580","A","Official figure"
"PP","Producer Prices","050","Bangladesh","5530","Producer Price (LCU/tonne)","01253.02","Onions and shallots, dry (excluding dehydrated)","2022","2022","7007","July","LCU","34730","A","Official figure"
"PP","Producer Prices","050","Bangladesh","5530","Producer Price (LCU/tonne)","01253.02","Onions and shallots, dry (excluding dehydrated)","2022","2022","7008","August","LCU","36280","A","Official figure"
"PP","Producer Prices","050","Bangladesh","5530","Producer Price (LCU/tonne)","01253.02","Onions and shallots, dry (excluding dehydrated)","2022","2022","7009","September","LCU","33560","A","Official figure"
"PP","Producer Prices","050","Bangladesh","5530","Producer Price (LCU/tonne)","01253.02","Onions and shallots, dry (excluding dehydrated)","2022","2022","7010","October","LCU","35890","A","Official figure"
"PP","Producer Prices","050","Bangladesh","5530","Producer Price (LCU/tonne)","01253.02","Onions and shallots, dry (excluding dehydrated)","2022","2022","7011","November","LCU","36900","A","Official figure"
"PP","Producer Prices","050","Bangladesh","5530","Producer Price (LCU/tonne)","01253.02","Onions and shallots, dry (excluding dehydrated)","2022","2022","7012","December","LCU","32250","A","Official figure"
"PP","Producer Prices","050","Bangladesh","5530","Producer Price (LCU/tonne)","01253.02","Onions and shallots, dry (excluding dehydrated)","2023","2023","7021","Annual value","LCU","47058.7","I","Value imputed by a receiving agency"
"PP","Producer Prices","050","Bangladesh","5530","Producer Price (LCU/tonne)","01253.02","Onions and shallots, dry (excluding dehydrated)","2023","2023","7001","January","LCU","25652.6","A","Official figure"
"PP","Producer Prices","050","Bangladesh","5530","Producer Price (LCU/tonne)","01253.02","Onions and shallots, dry (excluding dehydrated)","2023","2023","7002","February","LCU","23703.4","A","Official figure"
"PP","Producer Prices","050","Bangladesh","5530","Producer Price (LCU/tonne)","01253.02","Onions and shallots, dry (excluding dehydrated)","2023","2023","7003","March","LCU","27132.9","A","Official figure"
"PP","Producer Prices","050","Bangladesh","5530","Producer Price (LCU/tonne)","01253.02","Onions and shallots, dry (excluding dehydrated)","2023","2023","7004","April","LCU","31509.2","A","Official figure"
"PP","Producer Prices","050","Bangladesh","5530","Producer Price (LCU/tonne)","01253.02","Onions and shallots, dry (excluding dehydrated)","2023","2023","7005","May","LCU","56056.3","A","Official figure"
"PP","Producer Prices","050","Bangladesh","5530","Producer Price (LCU/tonne)","01253.02","Onions and shallots, dry (excluding dehydrated)","2023","2023","7006","June","LCU","60874.2","A","Official figure"
"PP","Producer Prices","050","Bangladesh","5530","Producer Price (LCU/tonne)","01253.02","Onions and shallots, dry (excluding dehydrated)","2023","2023","7007","July","LCU","55262.7","A","Official figure"
"PP","Producer Prices","050","Bangladesh","5530","Producer Price (LCU/tonne)","01253.02","Onions and shallots, dry (excluding dehydrated)","2023","2023","7008","August","LCU","64313","A","Official figure"
"PP","Producer Prices","050","Bangladesh","5530","Producer Price (LCU/tonne)","01253.02","Onions and shallots, dry (excluding dehydrated)","2023","2023","7009","September","LCU","66108.6","A","Official figure"
"PP","Producer Prices","050","Bangladesh","5530","Producer Price (LCU/tonne)","01253.02","Onions and shallots, dry (excluding dehydrated)","2023","2023","7010","October","LCU","80836.4","A","Official figure"
"PP","Producer Prices","050","Bangladesh","5530","Producer Price (LCU/tonne)","01253.02","Onions and shallots, dry (excluding dehydrated)","2023","2023","7011","November","LCU","110786.5","A","Official figure"
"PP","Producer Prices","050","Bangladesh","5530","Producer Price (LCU/tonne)","01253.02","Onions and shallots, dry (excluding dehydrated)","2023","2023","7012","December","LCU","91430.4","A","Official figure"
"PP","Producer Prices","050","Bangladesh","5532","Producer Price (USD/tonne)","01253.02","Onions and shallots, dry (excluding dehydrated)","1991","1991","7021","Annual value","USD","355.8","A","Official figure"
"PP","Producer Prices","050","Bangladesh","5532","Producer Price (USD/tonne)","01253.02","Onions and shallots, dry (excluding dehydrated)","1992","1992","7021","Annual value","USD","186.4","A","Official figure"
"PP","Producer Prices","050","Bangladesh","5532","Producer Price (USD/tonne)","01253.02","Onions and shallots, dry (excluding dehydrated)","1993","1993","7021","Annual value","USD","198.9","A","Official figure"
"PP","Producer Prices","050","Bangladesh","5532","Producer Price (USD/tonne)","01253.02","Onions and shallots, dry (excluding dehydrated)","1994","1994","7021","Annual value","USD","177.8","A","Official figure"
"PP","Producer Prices","050","Bangladesh","5532","Producer Price (USD/tonne)","01253.02","Onions and shallots, dry (excluding dehydrated)","1995","1995","7021","Annual value","USD","141.8","A","Official figure"
"PP","Producer Prices","050","Bangladesh","5532","Producer Price (USD/tonne)","01253.02","Onions and shallots, dry (excluding dehydrated)","1996","1996","7021","Annual value","USD","164.9","A","Official figure"
"PP","Producer Prices","050","Bangladesh","5532","Producer Price (USD/tonne)","01253.02","Onions and shallots, dry (excluding dehydrated)","1997","1997","7021","Annual value","USD","172","A","Official figure"
"PP","Producer Prices","050","Bangladesh","5532","Producer Price (USD/tonne)","01253.02","Onions and shallots, dry (excluding dehydrated)","1998","1998","7021","Annual value","USD","305.9","A","Official figure"
"PP","Producer Prices","050","Bangladesh","5532","Producer Price (USD/tonne)","01253.02","Onions and shallots, dry (excluding dehydrated)","1999","1999","7021","Annual value","USD","258.7","A","Official figure"
"PP","Producer Prices","050","Bangladesh","5532","Producer Price (USD/tonne)","01253.02","Onions and shallots, dry (excluding dehydrated)","2000","2000","7021","Annual value","USD","261.2","A","Official figure"
"PP","Producer Prices","050","Bangladesh","5532","Producer Price (USD/tonne)","01253.02","Onions and shallots, dry (excluding dehydrated)","2001","2001","7021","Annual value","USD","173.5","A","Official figure"
"PP","Producer Prices","050","Bangladesh","5532","Producer Price (USD/tonne)","01253.02","Onions and shallots, dry (excluding dehydrated)","2002","2002","7021","Annual value","USD","222.7","A","Official figure"
"PP","Producer Prices","050","Bangladesh","5532","Producer Price (USD/tonne)","01253.02","Onions and shallots, dry (excluding dehydrated)","2003","2003","7021","Annual value","USD","240.8","A","Official figure"
"PP","Producer Prices","050","Bangladesh","5532","Producer Price (USD/tonne)","01253.02","Onions and shallots, dry (excluding dehydrated)","2004","2004","7021","Annual value","USD","252","A","Official figure"
"PP","Producer Prices","050","Bangladesh","5532","Producer Price (USD/tonne)","01253.02","Onions and shallots, dry (excluding dehydrated)","2005","2005","7021","Annual value","USD","248.7","A","Official figure"
"PP","Producer Prices","050","Bangladesh","5532","Producer Price (USD/tonne)","01253.02","Onions and shallots, dry (excluding dehydrated)","2006","2006","7021","Annual value","USD","235.7","A","Official figure"
"PP","Producer Prices","050","Bangladesh","5532","Producer Price (USD/tonne)","01253.02","Onions and shallots, dry (excluding dehydrated)","2007","2007","7021","Annual value","USD","203.7","A","Official figure"
"PP","Producer Prices","050","Bangladesh","5532","Producer Price (USD/tonne)","01253.02","Onions and shallots, dry (excluding dehydrated)","2008","2008","7021","Annual value","USD","349.1","A","Official figure"
"PP","Producer Prices","050","Bangladesh","5532","Producer Price (USD/tonne)","01253.02","Onions and shallots, dry (excluding dehydrated)","2009","2009","7021","Annual value","USD","343.6","A","Official figure"
"PP","Producer Prices","050","Bangladesh","5532","Producer Price (USD/tonne)","01253.02","Onions and shallots, dry (excluding dehydrated)","2010","2010","7021","Annual value","USD","327.6","A","Official figure"
"PP","Producer Prices","050","Bangladesh","5532","Producer Price (USD/tonne)","01253.02","Onions and shallots, dry (excluding dehydrated)","2011","2011","7021","Annual value","USD","209.6","A","Official figure"
"PP","Producer Prices","050","Bangladesh","5532","Producer Price (USD/tonne)","01253.02","Onions and shallots, dry (excluding dehydrated)","2012","2012","7021","Annual value","USD","344.4","A","Official figure"
"PP","Producer Prices","050","Bangladesh","5532","Producer Price (USD/tonne)","01253.02","Onions and shallots, dry (excluding dehydrated)","2013","2013","7021","Annual value","USD","533.3","A","Official figure"
"PP","Producer Prices","050","Bangladesh","5532","Producer Price (USD/tonne)","01253.02","Onions and shallots, dry (excluding dehydrated)","2014","2014","7021","Annual value","USD","371.8","A","Official figure"
"PP","Producer Prices","050","Bangladesh","5532","Producer Price (USD/tonne)","01253.02","Onions and shallots, dry (excluding dehydrated)","2015","2015","7021","Annual value","USD","489","A","Official figure"
"PP","Producer Prices","050","Bangladesh","5532","Producer Price (USD/tonne)","01253.02","Onions and shallots, dry (excluding dehydrated)","2016","2016","7021","Annual value","USD","311.6","A","Official figure"
"PP","Producer Prices","050","Bangladesh","5532","Producer Price (USD/tonne)","01253.02","Onions and shallots, dry (excluding dehydrated)","2017","2017","7021","Annual value","USD","269.2","A","Official figure"
"PP","Producer Prices","050","Bangladesh","5532","Producer Price (USD/tonne)","01253.02","Onions and shallots, dry (excluding dehydrated)","2018","2018","7021","Annual value","USD","485.5","A","Official figure"
"PP","Producer Prices","050","Bangladesh","5532","Producer Price (USD/tonne)","01253.02","Onions and shallots, dry (excluding dehydrated)","2019","2019","7021","Annual value","USD","301","A","Official figure"
"PP","Producer Prices","050","Bangladesh","5532","Producer Price (USD/tonne)","01253.02","Onions and shallots, dry (excluding dehydrated)","2020","2020","7021","Annual value","USD","778.8","A","Official figure"
"PP","Producer Prices","050","Bangladesh","5532","Producer Price (USD/tonne)","01253.02","Onions and shallots, dry (excluding dehydrated)","2021","2021","7021","Annual value","USD","484","A","Official figure"
"PP","Producer Prices","050","Bangladesh","5532","Producer Price (USD/tonne)","01253.02","Onions and shallots, dry (excluding dehydrated)","2022","2022","7021","Annual value","USD","535.9","I","Value imputed by a receiving agency"
"PP","Producer Prices","050","Bangladesh","5532","Producer Price (USD/tonne)","01253.02","Onions and shallots, dry (excluding dehydrated)","2023","2023","7021","Annual value","USD","442.7","I","Value imputed by a receiving agency"
"PP","Producer Prices","050","Bangladesh","5530","Producer Price (LCU/tonne)","0113","Rice","1991","1991","7021","Annual value","LCU","6330","A","Official figure"
"PP","Producer Prices","050","Bangladesh","5530","Producer Price (LCU/tonne)","0113","Rice","1992","1992","7021","Annual value","LCU","6310","A","Official figure"
"PP","Producer Prices","050","Bangladesh","5530","Producer Price (LCU/tonne)","0113","Rice","1993","1993","7021","Annual value","LCU","5560","A","Official figure"
"PP","Producer Prices","050","Bangladesh","5530","Producer Price (LCU/tonne)","0113","Rice","1994","1994","7021","Annual value","LCU","6160","A","Official figure"
"PP","Producer Prices","050","Bangladesh","5530","Producer Price (LCU/tonne)","0113","Rice","1995","1995","7021","Annual value","LCU","7070","A","Official figure"
"PP","Producer Prices","050","Bangladesh","5530","Producer Price (LCU/tonne)","0113","Rice","1996","1996","7021","Annual value","LCU","5480","A","Official figure"
"PP","Producer Prices","050","Bangladesh","5530","Producer Price (LCU/tonne)","0113","Rice","1997","1997","7021","Annual value","LCU","5340","A","Official figure"
"PP","Producer Prices","050","Bangladesh","5530","Producer Price (LCU/tonne)","0113","Rice","1998","1998","7021","Annual value","LCU","6380","A","Official figure"
"PP","Producer Prices","050","Bangladesh","5530","Producer Price (LCU/tonne)","0113","Rice","1999","1999","7021","Annual value","LCU","6480","A","Official figure"
"PP","Producer Prices","050","Bangladesh","5530","Producer Price (LCU/tonne)","0113","Rice","2000","2000","7021","Annual value","LCU","6180","A","Official figure"
"PP","Producer Prices","050","Bangladesh","5530","Producer Price (LCU/tonne)","0113","Rice","2001","2001","7021","Annual value","LCU","6030","A","Official figure"
"PP","Producer Prices","050","Bangladesh","5530","Producer Price (LCU/tonne)","0113","Rice","2002","2002","7021","Annual value","LCU","6600","A","Official figure"
"PP","Producer Prices","050","Bangladesh","5530","Producer Price (LCU/tonne)","0113","Rice","2003","2003","7021","Annual value","LCU","6791.7","I","Value imputed by a receiving agency"
"PP","Producer Prices","050","Bangladesh","5530","Producer Price (LCU/tonne)","0113","Rice","2004","2004","7021","Annual value","LCU","7322.1","I","Value imputed by a receiving agency"
"PP","Producer Prices","050","Bangladesh","5530","Producer Price (LCU/tonne)","0113","Rice","2005","2005","7021","Annual value","LCU","8070.3","I","Value imputed by a receiving agency"
"PP","Producer Prices","050","Bangladesh","5530","Producer Price (LCU/tonne)","0113","Rice","2006","2006","7021","Annual value","LCU","9580","A","Official figure"
"PP","Producer Prices","050","Bangladesh","5530","Producer Price (LCU/tonne)","0113","Rice","2007","2007","7021","Annual value","LCU","10540","A","Official figure"
"PP","Producer Prices","050","Bangladesh","5530","Producer Price (LCU/tonne)","0113","Rice","2008","2008","7021","Annual value","LCU","11750.7","I","Value imputed by a receiving agency"
"PP","Producer Prices","050","Bangladesh","5530","Producer Price (LCU/tonne)","0113","Rice","2009","2009","7021","Annual value","LCU","11721.7","I","Value imputed by a receiving agency"
"PP","Producer Prices","050","Bangladesh","5530","Producer Price (LCU/tonne)","0113","Rice","2010","2010","7021","Annual value","LCU","12342.5","I","Value imputed by a receiving agency"
"PP","Producer Prices","050","Bangladesh","5530","Producer Price (LCU/tonne)","0113","Rice","2010","2010","7001","January","LCU","15330","A","Official figure"
"PP","Producer Prices","050","Bangladesh","5530","Producer Price (LCU/tonne)","0113","Rice","2010","2010","7002","February","LCU","17630","A","Official figure"
"PP","Producer Prices","050","Bangladesh","5530","Producer Price (LCU/tonne)","0113","Rice","2010","2010","7003","March","LCU","17920","A","Official figure"
"PP","Producer Prices","050","Bangladesh","5530","Producer Price (LCU/tonne)","0113","Rice","2010","2010","7004","April","LCU","17200","A","Official figure"
"PP","Producer Prices","050","Bangladesh","5530","Producer Price (LCU/tonne)","0113","Rice","2010","2010","7005","May","LCU","17140","A","Official figure"
"PP","Producer Prices","050","Bangladesh","5530","Producer Price (LCU/tonne)","0113","Rice","2010","2010","7007","July","LCU","17930","A","Official figure"
"PP","Producer Prices","050","Bangladesh","5530","Producer Price (LCU/tonne)","0113","Rice","2010","2010","7008","August","LCU","18100","A","Official figure"
"PP","Producer Prices","050","Bangladesh","5530","Producer Price (LCU/tonne)","0113","Rice","2010","2010","7009","September","LCU","19260","A","Official figure"
"PP","Producer Prices","050","Bangladesh","5530","Producer Price (LCU/tonne)","0113","Rice","2010","2010","7010","October","LCU","20100","A","Official figure"
"PP","Producer Prices","050","Bangladesh","5530","Producer Price (LCU/tonne)","0113","Rice","2010","2010","7011","November","LCU","19460","A","Official figure"
"PP","Producer Prices","050","Bangladesh","5530","Producer Price (LCU/tonne)","0113","Rice","2010","2010","7012","December","LCU","19780","A","Official figure"
"PP","Producer Prices","050","Bangladesh","5530","Producer Price (LCU/tonne)","0113","Rice","2011","2011","7021","Annual value","LCU","15140","A","Official figure"
"PP","Producer Prices","050","Bangladesh","5530","Producer Price (LCU/tonne)","0113","Rice","2011","2011","7001","January","LCU","30820","A","Official figure"
"PP","Producer Prices","050","Bangladesh","5530","Producer Price (LCU/tonne)","0113","Rice","2011","2011","7002","February","LCU","31720","A","Official figure"
"PP","Producer Prices","050","Bangladesh","5530","Producer Price (LCU/tonne)","0113","Rice","2011","2011","7003","March","LCU","31990","A","Official figure"
"PP","Producer Prices","050","Bangladesh","5530","Producer Price (LCU/tonne)","0113","Rice","2011","2011","7004","April","LCU","30210","A","Official figure"
"PP","Producer Prices","050","Bangladesh","5530","Producer Price (LCU/tonne)","0113","Rice","2011","2011","7005","May","LCU","27970","A","Official figure"
"PP","Producer Prices","050","Bangladesh","5530","Producer Price (LCU/tonne)","0113","Rice","2011","2011","7006","June","LCU","27690","A","Official figure"
"PP","Producer Prices","050","Bangladesh","5530","Producer Price (LCU/tonne)","0113","Rice","2011","2011","7007","July","LCU","26120","A","Official figure"
"PP","Producer Prices","050","Bangladesh","5530","Producer Price (LCU/tonne)","0113","Rice","2011","2011","7008","August","LCU","28330","A","Official figure"
"PP","Producer Prices","050","Bangladesh","5530","Producer Price (LCU/tonne)","0113","Rice","2011","2011","7009","September","LCU","28310","A","Official figure"
"PP","Producer Prices","050","Bangladesh","5530","Producer Price (LCU/tonne)","0113","Rice","2011","2011","7010","October","LCU","27660","A","Official figure"
"PP","Producer Prices","050","Bangladesh","5530","Producer Price (LCU/tonne)","0113","Rice","2011","2011","7011","November","LCU","26370","A","Official figure"
"PP","Producer Prices","050","Bangladesh","5530","Producer Price (LCU/tonne)","0113","Rice","2011","2011","7012","December","LCU","24400","A","Official figure"
"PP","Producer Prices","050","Bangladesh","5530","Producer Price (LCU/tonne)","0113","Rice","2012","2012","7021","Annual value","LCU","17240","A","Official figure"
"PP","Producer Prices","050","Bangladesh","5530","Producer Price (LCU/tonne)","0113","Rice","2012","2012","7001","January","LCU","24410","A","Official figure"
"PP","Producer Prices","050","Bangladesh","5530","Producer Price (LCU/tonne)","0113","Rice","2013","2013","7021","Annual value","LCU","19090","A","Official figure"
"PP","Producer Prices","050","Bangladesh","5530","Producer Price (LCU/tonne)","0113","Rice","2013","2013","7004","April","LCU","17030","A","Official figure"
"PP","Producer Prices","050","Bangladesh","5530","Producer Price (LCU/tonne)","0113","Rice","2013","2013","7005","May","LCU","14520","A","Official figure"
"PP","Producer Prices","050","Bangladesh","5530","Producer Price (LCU/tonne)","0113","Rice","2013","2013","7006","June","LCU","1550","A","Official figure"
"PP","Producer Prices","050","Bangladesh","5530","Producer Price (LCU/tonne)","0113","Rice","2013","2013","7007","July","LCU","18150","A","Official figure"
"PP","Producer Prices","050","Bangladesh","5530","Producer Price (LCU/tonne)","0113","Rice","2013","2013","7008","August","LCU","19160","A","Official figure"
"PP","Producer Prices","050","Bangladesh","5530","Producer Price (LCU/tonne)","0113","Rice","2013","2013","7009","September","LCU","19470","A","Official figure"
"PP","Producer Prices","050","Bangladesh","5530","Producer Price (LCU/tonne)","0113","Rice","2013","2013","7010","October","LCU","20060","A","Official figure"
"PP","Producer Prices","050","Bangladesh","5530","Producer Price (LCU/tonne)","0113","Rice","2013","2013","7011","November","LCU","20150","A","Official figure"
"PP","Producer Prices","050","Bangladesh","5530","Producer Price (LCU/tonne)","0113","Rice","2013","2013","7012","December","LCU","19640","A","Official figure"
"PP","Producer Prices","050","Bangladesh","5530","Producer Price (LCU/tonne)","0113","Rice","2014","2014","7021","Annual value","LCU","18480","A","Official figure"
"PP","Producer Prices","050","Bangladesh","5530","Producer Price (LCU/tonne)","0113","Rice","2014","2014","7001","January","LCU","21810","A","Official figure"
"PP","Producer Prices","050","Bangladesh","5530","Producer Price (LCU/tonne)","0113","Rice","2014","2014","7002","February","LCU","23080","A","Official figure"
"PP","Producer Prices","050","Bangladesh","5530","Producer Price (LCU/tonne)","0113","Rice","2014","2014","7003","March","LCU","24580","A","Official figure"
"PP","Producer Prices","050","Bangladesh","5530","Producer Price (LCU/tonne)","0113","Rice","2014","2014","7004","April","LCU","19300","A","Official figure"
"PP","Producer Prices","050","Bangladesh","5530","Producer Price (LCU/tonne)","0113","Rice","2014","2014","7005","May","LCU","18740","A","Official figure"
"PP","Producer Prices","050","Bangladesh","5530","Producer Price (LCU/tonne)","0113","Rice","2014","2014","7006","June","LCU","19180","A","Official figure"
"PP","Producer Prices","050","Bangladesh","5530","Producer Price (LCU/tonne)","0113","Rice","2014","2014","7007","July","LCU","19340","A","Official figure"
"PP","Producer Prices","050","Bangladesh","5530","Producer Price (LCU/tonne)","0113","Rice","2014","2014","7008","August","LCU","19650","A","Official figure"
"PP","Producer Prices","050","Bangladesh","5530","Producer Price (LCU/tonne)","0113","Rice","2014","2014","7009","September","LCU","20440","A","Official figure"
"PP","Producer Prices","050","Bangladesh","5530","Producer Price (LCU/tonne)","0113","Rice","2014","2014","7010","October","LCU","20680","A","Official figure"
"PP","Producer Prices","050","Bangladesh","5530","Producer Price (LCU/tonne)","0113","Rice","2014","2014","7011","November","LCU","19980","A","Official figure"
"PP","Producer Prices","050","Bangladesh","5530","Producer Price (LCU/tonne)","0113","Rice","2014","2014","7012","December","LCU","20440","A","Official figure"
"PP","Producer Prices","050","Bangladesh","5530","Producer Price (LCU/tonne)","0113","Rice","2015","2015","7021","Annual value","LCU","17508.3","A","Official figure"
"PP","Producer Prices","050","Bangladesh","5530","Producer Price (LCU/tonne)","0113","Rice","2015","2015","7001","January","LCU","20460","A","Official figure"
"PP","Producer Prices","050","Bangladesh","5530","Producer Price (LCU/tonne)","0113","Rice","2015","2015","7002","February","LCU","21790","A","Official figure"
"PP","Producer Prices","050","Bangladesh","5530","Producer Price (LCU/tonne)","0113","Rice","2015","2015","7003","March","LCU","20670","A","Official figure"
"PP","Producer Prices","050","Bangladesh","5530","Producer Price (LCU/tonne)","0113","Rice","2015","2015","7004","April","LCU","15640","A","Official figure"
"PP","Producer Prices","050","Bangladesh","5530","Producer Price (LCU/tonne)","0113","Rice","2015","2015","7005","May","LCU","15440","A","Official figure"
"PP","Producer Prices","050","Bangladesh","5530","Producer Price (LCU/tonne)","0113","Rice","2015","2015","7006","June","LCU","15790","A","Official figure"
"PP","Producer Prices","050","Bangladesh","5530","Producer Price (LCU/tonne)","0113","Rice","2015","2015","7007","July","LCU","16100","A","Official figure"
"PP","Producer Prices","050","Bangladesh","5530","Producer Price (LCU/tonne)","0113","Rice","2015","2015","7008","August","LCU","16120","A","Official figure"
"PP","Producer Prices","050","Bangladesh","5530","Producer Price (LCU/tonne)","0113","Rice","2015","2015","7009","September","LCU","16640","A","Official figure"
"PP","Producer Prices","050","Bangladesh","5530","Producer Price (LCU/tonne)","0113","Rice","2015","2015","7010","October","LCU","17280","A","Official figure"
"PP","Producer Prices","050","Bangladesh","5530","Producer Price (LCU/tonne)","0113","Rice","2015","2015","7011","November","LCU","17050","A","Official figure"
"PP","Producer Prices","050","Bangladesh","5530","Producer Price (LCU/tonne)","0113","Rice","2015","2015","7012","December","LCU","17120","A","Official figure"
"PP","Producer Prices","050","Bangladesh","5530","Producer Price (LCU/tonne)","0113","Rice","2016","2016","7021","Annual value","LCU","17125","A","Official figure"
"PP","Producer Prices","050","Bangladesh","5530","Producer Price (LCU/tonne)","0113","Rice","2016","2016","7001","January","LCU","16205","A","Official figure"
"PP","Producer Prices","050","Bangladesh","5530","Producer Price (LCU/tonne)","0113","Rice","2016","2016","7002","February","LCU","16680","A","Official figure"
"PP","Producer Prices","050","Bangladesh","5530","Producer Price (LCU/tonne)","0113","Rice","2016","2016","7003","March","LCU","15545","A","Official figure"
"PP","Producer Prices","050","Bangladesh","5530","Producer Price (LCU/tonne)","0113","Rice","2016","2016","7004","April","LCU","14580","A","Official figure"
"PP","Producer Prices","050","Bangladesh","5530","Producer Price (LCU/tonne)","0113","Rice","2016","2016","7005","May","LCU","13745","A","Official figure"
"PP","Producer Prices","050","Bangladesh","5530","Producer Price (LCU/tonne)","0113","Rice","2016","2016","7006","June","LCU","15580","A","Official figure"
"PP","Producer Prices","050","Bangladesh","5530","Producer Price (LCU/tonne)","0113","Rice","2016","2016","7007","July","LCU","15875","A","Official figure"
"PP","Producer Prices","050","Bangladesh","5530","Producer Price (LCU/tonne)","0113","Rice","2016","2016","7008","August","LCU","17350","A","Official figure"
"PP","Producer Prices","050","Bangladesh","5530","Producer Price (LCU/tonne)","0113","Rice","2016","2016","7009","September","LCU","19140","A","Official figure"
"PP","Producer Prices","050","Bangladesh","5530","Producer Price (LCU/tonne)","0113","Rice","2016","2016","7010","October","LCU","20030","A","Official figure"
"PP","Producer Prices","050","Bangladesh","5530","Producer Price (LCU/tonne)","0113","Rice","2016","2016","7011","November","LCU","20365","A","Official figure"
"PP","Producer Prices","050","Bangladesh","5530","Producer Price (LCU/tonne)","0113","Rice","2016","2016","7012","December","LCU","20420","A","Official figure"
"PP","Producer Prices","050","Bangladesh","5530","Producer Price (LCU/tonne)","0113","Rice","2017","2017","7021","Annual value","LCU","20705","A","Official figure"
"PP","Producer Prices","050","Bangladesh","5530","Producer Price (LCU/tonne)","0113","Rice","2017","2017","7001","January","LCU","21575","A","Official figure"
"PP","Producer Prices","050","Bangladesh","5530","Producer Price (LCU/tonne)","0113","Rice","2017","2017","7002","February","LCU","23245","A","Official figure"
"PP","Producer Prices","050","Bangladesh","5530","Producer Price (LCU/tonne)","0113","Rice","2017","2017","7003","March","LCU","23105","A","Official figure"
"PP","Producer Prices","050","Bangladesh","5530","Producer Price (LCU/tonne)","0113","Rice","2017","2017","7004","April","LCU","22530","A","Official figure"
"PP","Producer Prices","050","Bangladesh","5530","Producer Price (LCU/tonne)","0113","Rice","2017","2017","7005","May","LCU","21755","A","Official figure"
"PP","Producer Prices","050","Bangladesh","5530","Producer Price (LCU/tonne)","0113","Rice","2017","2017","7006","June","LCU","23070","A","Official figure"
"PP","Producer Prices","050","Bangladesh","5530","Producer Price (LCU/tonne)","0113","Rice","2017","2017","7007","July","LCU","24060","A","Official figure"
"PP","Producer Prices","050","Bangladesh","5530","Producer Price (LCU/tonne)","0113","Rice","2017","2017","7008","August","LCU","24050","A","Official figure"
"PP","Producer Prices","050","Bangladesh","5530","Producer Price (LCU/tonne)","0113","Rice","2017","2017","7009","September","LCU","25665","A","Official figure"
"PP","Producer Prices","050","Bangladesh","5530","Producer Price (LCU/tonne)","0113","Rice","2017","2017","7010","October","LCU","26025","A","Official figure"
"PP","Producer Prices","050","Bangladesh","5530","Producer Price (LCU/tonne)","0113","Rice","2017","2017","7011","November","LCU","24935","A","Official figure"
"PP","Producer Prices","050","Bangladesh","5530","Producer Price (LCU/tonne)","0113","Rice","2017","2017","7012","December","LCU","25185","A","Official figure"
"PP","Producer Prices","050","Bangladesh","5530","Producer Price (LCU/tonne)","0113","Rice","2018","2018","7021","Annual value","LCU","23430","A","Official figure"
"PP","Producer Prices","050","Bangladesh","5530","Producer Price (LCU/tonne)","0113","Rice","2018","2018","7001","January","LCU","25290","A","Official figure"
"PP","Producer Prices","050","Bangladesh","5530","Producer Price (LCU/tonne)","0113","Rice","2018","2018","7002","February","LCU","34413","A","Official figure"
"PP","Producer Prices","050","Bangladesh","5530","Producer Price (LCU/tonne)","0113","Rice","2018","2018","7003","March","LCU","34215","A","Official figure"
"PP","Producer Prices","050","Bangladesh","5530","Producer Price (LCU/tonne)","0113","Rice","2018","2018","7004","April","LCU","30758","A","Official figure"
"PP","Producer Prices","050","Bangladesh","5530","Producer Price (LCU/tonne)","0113","Rice","2018","2018","7005","May","LCU","28410","A","Official figure"
"PP","Producer Prices","050","Bangladesh","5530","Producer Price (LCU/tonne)","0113","Rice","2018","2018","7006","June","LCU","28363","A","Official figure"
"PP","Producer Prices","050","Bangladesh","5530","Producer Price (LCU/tonne)","0113","Rice","2018","2018","7007","July","LCU","28590","A","Official figure"
"PP","Producer Prices","050","Bangladesh","5530","Producer Price (LCU/tonne)","0113","Rice","2018","2018","7008","August","LCU","28143","A","Official figure"
"PP","Producer Prices","050","Bangladesh","5530","Producer Price (LCU/tonne)","0113","Rice","2018","2018","7009","September","LCU","27815","A","Official figure"
"PP","Producer Prices","050","Bangladesh","5530","Producer Price (LCU/tonne)","0113","Rice","2018","2018","7010","October","LCU","26843","A","Official figure"
"PP","Producer Prices","050","Bangladesh","5530","Producer Price (LCU/tonne)","0113","Rice","2018","2018","7011","November","LCU","26240","A","Official figure"
"PP","Producer Prices","050","Bangladesh","5530","Producer Price (LCU/tonne)","0113","Rice","2018","2018","7012","December","LCU","25665","A","Official figure"
"PP","Producer Prices","050","Bangladesh","5530","Producer Price (LCU/tonne)","0113","Rice","2019","2019","7021","Annual value","LCU","17890","A","Official figure"
"PP","Producer Prices","050","Bangladesh","5530","Producer Price (LCU/tonne)","0113","Rice","2019","2019","7001","January","LCU","18000","A","Official figure"
"PP","Producer Prices","050","Bangladesh","5530","Producer Price (LCU/tonne)","0113","Rice","2019","2019","7002","February","LCU","18980","A","Official figure"
"PP","Producer Prices","050","Bangladesh","5530","Producer Price (LCU/tonne)","0113","Rice","2019","2019","7003","March","LCU","19510","A","Official figure"
"PP","Producer Prices","050","Bangladesh","5530","Producer Price (LCU/tonne)","0113","Rice","2019","2019","7004","April","LCU","16770","A","Official figure"
"PP","Producer Prices","050","Bangladesh","5530","Producer Price (LCU/tonne)","0113","Rice","2019","2019","7005","May","LCU","15010","A","Official figure"
"PP","Producer Prices","050","Bangladesh","5530","Producer Price (LCU/tonne)","0113","Rice","2019","2019","7006","June","LCU","15455","A","Official figure"
"PP","Producer Prices","050","Bangladesh","5530","Producer Price (LCU/tonne)","0113","Rice","2019","2019","7007","July","LCU","15115","A","Official figure"
"PP","Producer Prices","050","Bangladesh","5530","Producer Price (LCU/tonne)","0113","Rice","2019","2019","7008","August","LCU","15455","A","Official figure"
"PP","Producer Prices","050","Bangladesh","5530","Producer Price (LCU/tonne)","0113","Rice","2019","2019","7009","September","LCU","15020","A","Official figure"
"PP","Producer Prices","050","Bangladesh","5530","Producer Price (LCU/tonne)","0113","Rice","2019","2019","7010","October","LCU","14860","A","Official figure"
"PP","Producer Prices","050","Bangladesh","5530","Producer Price (LCU/tonne)","0113","Rice","2019","2019","7011","November","LCU","16255","A","Official figure"
"PP","Producer Prices","050","Bangladesh","5530","Producer Price (LCU/tonne)","0113","Rice","2019","2019","7012","December","LCU","17495","A","Official figure"
"PP","Producer Prices","050","Bangladesh","5530","Producer Price (LCU/tonne)","0113","Rice","2020","2020","7021","Annual value","LCU","18290","A","Official figure"
"PP","Producer Prices","050","Bangladesh","5530","Producer Price (LCU/tonne)","0113","Rice","2020","2020","7001","January","LCU","33105","A","Official figure"
"PP","Producer Prices","050","Bangladesh","5530","Producer Price (LCU/tonne)","0113","Rice","2020","2020","7002","February","LCU","32195","A","Official figure"
"PP","Producer Prices","050","Bangladesh","5530","Producer Price (LCU/tonne)","0113","Rice","2020","2020","7003","March","LCU","33105","A","Official figure"
"PP","Producer Prices","050","Bangladesh","5530","Producer Price (LCU/tonne)","0113","Rice","2020","2020","7004","April","LCU","39185","A","Official figure"
"PP","Producer Prices","050","Bangladesh","5530","Producer Price (LCU/tonne)","0113","Rice","2020","2020","7005","May","LCU","37255","A","Official figure"
"PP","Producer Prices","050","Bangladesh","5530","Producer Price (LCU/tonne)","0113","Rice","2020","2020","7006","June","LCU","38425","A","Official figure"
"PP","Producer Prices","050","Bangladesh","5530","Producer Price (LCU/tonne)","0113","Rice","2020","2020","7007","July","LCU","22490","A","Official figure"
"PP","Producer Prices","050","Bangladesh","5530","Producer Price (LCU/tonne)","0113","Rice","2020","2020","7008","August","LCU","24225","A","Official figure"
"PP","Producer Prices","050","Bangladesh","5530","Producer Price (LCU/tonne)","0113","Rice","2020","2020","7009","September","LCU","24965","A","Official figure"
"PP","Producer Prices","050","Bangladesh","5530","Producer Price (LCU/tonne)","0113","Rice","2020","2020","7010","October","LCU","26635","A","Official figure"
"PP","Producer Prices","050","Bangladesh","5530","Producer Price (LCU/tonne)","0113","Rice","2020","2020","7011","November","LCU","26310","A","Official figure"
"PP","Producer Prices","050","Bangladesh","5530","Producer Price (LCU/tonne)","0113","Rice","2020","2020","7012","December","LCU","28120","A","Official figure"
"PP","Producer Prices","050","Bangladesh","5530","Producer Price (LCU/tonne)","0113","Rice","2021","2021","7021","Annual value","LCU","24575","A","Official figure"
"PP","Producer Prices","050","Bangladesh","5530","Producer Price (LCU/tonne)","0113","Rice","2021","2021","7004","April","LCU","23310","A","Official figure"
"PP","Producer Prices","050","Bangladesh","5530","Producer Price (LCU/tonne)","0113","Rice","2021","2021","7005","May","LCU","22315","A","Official figure"
"PP","Producer Prices","050","Bangladesh","5530","Producer Price (LCU/tonne)","0113","Rice","2021","2021","7006","June","LCU","23885","A","Official figure"
"PP","Producer Prices","050","Bangladesh","5530","Producer Price (LCU/tonne)","0113","Rice","2021","2021","7007","July","LCU","25925","A","Official figure"
"PP","Producer Prices","050","Bangladesh","5530","Producer Price (LCU/tonne)","0113","Rice","2021","2021","7008","August","LCU","27875","A","Official figure"
"PP","Producer Prices","050","Bangladesh","5530","Producer Price (LCU/tonne)","0113","Rice","2021","2021","7009","September","LCU","28460","A","Official figure"
"PP","Producer Prices","050","Bangladesh","5530","Producer Price (LCU/tonne)","0113","Rice","2021","2021","7010","October","LCU","29110","A","Official figure"
"PP","Producer Prices","050","Bangladesh","5530","Producer Price (LCU/tonne)","0113","Rice","2021","2021","7011","November","LCU","30790","A","Official figure"
"PP","Producer Prices","050","Bangladesh","5530","Producer Price (LCU/tonne)","0113","Rice","2021","2021","7012","December","LCU","31625","A","Official figure"
"PP","Producer Prices","050","Bangladesh","5530","Producer Price (LCU/tonne)","0113","Rice","2022","2022","7021","Annual value","LCU","25729.3","I","Value imputed by a receiving agency"
"PP","Producer Prices","050","Bangladesh","5530","Producer Price (LCU/tonne)","0113","Rice","2022","2022","7001","January","LCU","26940","A","Official figure"
"PP","Producer Prices","050","Bangladesh","5530","Producer Price (LCU/tonne)","0113","Rice","2022","2022","7002","February","LCU","27960","A","Official figure"
"PP","Producer Prices","050","Bangladesh","5530","Producer Price (LCU/tonne)","0113","Rice","2022","2022","7003","March","LCU","28140","A","Official figure"
"PP","Producer Prices","050","Bangladesh","5530","Producer Price (LCU/tonne)","0113","Rice","2022","2022","7004","April","LCU","28430","A","Official figure"
"PP","Producer Prices","050","Bangladesh","5530","Producer Price (LCU/tonne)","0113","Rice","2022","2022","7005","May","LCU","22815","A","Official figure"
"PP","Producer Prices","050","Bangladesh","5530","Producer Price (LCU/tonne)","0113","Rice","2022","2022","7006","June","LCU","25940","A","Official figure"
"PP","Producer Prices","050","Bangladesh","5530","Producer Price (LCU/tonne)","0113","Rice","2022","2022","7007","July","LCU","28075","A","Official figure"
"PP","Producer Prices","050","Bangladesh","5530","Producer Price (LCU/tonne)","0113","Rice","2022","2022","7008","August","LCU","28460","A","Official figure"
"PP","Producer Prices","050","Bangladesh","5530","Producer Price (LCU/tonne)","0113","Rice","2022","2022","7009","September","LCU","29110","A","Official figure"
"PP","Producer Prices","050","Bangladesh","5530","Producer Price (LCU/tonne)","0113","Rice","2022","2022","7010","October","LCU","30790","A","Official figure"
"PP","Producer Prices","050","Bangladesh","5530","Producer Price (LCU/tonne)","0113","Rice","2022","2022","7011","November","LCU","31625","A","Official figure"
"PP","Producer Prices","050","Bangladesh","5530","Producer Price (LCU/tonne)","0113","Rice","2022","2022","7012","December","LCU","34970","A","Official figure"
"PP","Producer Prices","050","Bangladesh","5530","Producer Price (LCU/tonne)","0113","Rice","2023","2023","7021","Annual value","LCU","25172.3","I","Value imputed by a receiving agency"
"PP","Producer Prices","050","Bangladesh","5530","Producer Price (LCU/tonne)","0113","Rice","2023","2023","7001","January","LCU","34127.1","A","Official figure"
"PP","Producer Prices","050","Bangladesh","5530","Producer Price (LCU/tonne)","0113","Rice","2023","2023","7002","February","LCU","34654.6","A","Official figure"
"PP","Producer Prices","050","Bangladesh","5530","Producer Price (LCU/tonne)","0113","Rice","2023","2023","7003","March","LCU","33451.1","A","Official figure"
"PP","Producer Prices","050","Bangladesh","5530","Producer Price (LCU/tonne)","0113","Rice","2023","2023","7004","April","LCU","30071.3","A","Official figure"
"PP","Producer Prices","050","Bangladesh","5530","Producer Price (LCU/tonne)","0113","Rice","2023","2023","7005","May","LCU","27899","A","Official figure"
"PP","Producer Prices","050","Bangladesh","5530","Producer Price (LCU/tonne)","0113","Rice","2023","2023","7006","June","LCU","27862.7","A","Official figure"
"PP","Producer Prices","050","Bangladesh","5530","Producer Price (LCU/tonne)","0113","Rice","2023","2023","7007","July","LCU","28085.8","A","Official figure"
"PP","Producer Prices","050","Bangladesh","5530","Producer Price (LCU/tonne)","0113","Rice","2023","2023","7008","August","LCU","28510.5","A","Official figure"
"PP","Producer Prices","050","Bangladesh","5530","Producer Price (LCU/tonne)","0113","Rice","2023","2023","7009","September","LCU","28718.2","A","Official figure"
"PP","Producer Prices","050","Bangladesh","5530","Producer Price (LCU/tonne)","0113","Rice","2023","2023","7010","October","LCU","29336.3","A","Official figure"
"PP","Producer Prices","050","Bangladesh","5530","Producer Price (LCU/tonne)","0113","Rice","2023","2023","7011","November","LCU","30095.9","A","Official figure"
"PP","Producer Prices","050","Bangladesh","5530","Producer Price (LCU/tonne)","0113","Rice","2023","2023","7012","December","LCU","30324.2","A","Official figure"
"PP","Producer Prices","050","Bangladesh","5532","Producer Price (USD/tonne)","0113","Rice","1991","1991","7021","Annual value","USD","173","A","Official figure"
"PP","Producer Prices","050","Bangladesh","5532","Producer Price (USD/tonne)","0113","Rice","1992","1992","7021","Annual value","USD","162","A","Official figure"
"PP","Producer Prices","050","Bangladesh","5532","Producer Price (USD/tonne)","0113","Rice","1993","1993","7021","Annual value","USD","140.5","A","Official figure"
"PP","Producer Prices","050","Bangladesh","5532","Producer Price (USD/tonne)","0113","Rice","1994","1994","7021","Annual value","USD","153.2","A","Official figure"
"PP","Producer Prices","050","Bangladesh","5532","Producer Price (USD/tonne)","0113","Rice","1995","1995","7021","Annual value","USD","175.5","A","Official figure"
"PP","Producer Prices","050","Bangladesh","5532","Producer Price (USD/tonne)","0113","Rice","1996","1996","7021","Annual value","USD","131.1","A","Official figure"
"PP","Producer Prices","050","Bangladesh","5532","Producer Price (USD/tonne)","0113","Rice","1997","1997","7021","Annual value","USD","121.7","A","Official figure"
"PP","Producer Prices","050","Bangladesh","5532","Producer Price (USD/tonne)","0113","Rice","1998","1998","7021","Annual value","USD","136","A","Official figure"
"PP","Producer Prices","050","Bangladesh","5532","Producer Price (USD/tonne)","0113","Rice","1999","1999","7021","Annual value","USD","132","A","Official figure"
"PP","Producer Prices","050","Bangladesh","5532","Producer Price (USD/tonne)","0113","Rice","2000","2000","7021","Annual value","USD","118.5","A","Official figure"
"PP","Producer Prices","050","Bangladesh","5532","Producer Price (USD/tonne)","0113","Rice","2001","2001","7021","Annual value","USD","108.1","A","Official figure"
"PP","Producer Prices","050","Bangladesh","5532","Producer Price (USD/tonne)","0113","Rice","2002","2002","7021","Annual value","USD","114","A","Official figure"
"PP","Producer Prices","050","Bangladesh","5532","Producer Price (USD/tonne)","0113","Rice","2003","2003","7021","Annual value","USD","116.8","I","Value imputed by a receiving agency"
"PP","Producer Prices","050","Bangladesh","5532","Producer Price (USD/tonne)","0113","Rice","2004","2004","7021","Annual value","USD","123","I","Value imputed by a receiving agency"
"PP","Producer Prices","050","Bangladesh","5532","Producer Price (USD/tonne)","0113","Rice","2005","2005","7021","Annual value","USD","125.5","I","Value imputed by a receiving agency"
"PP","Producer Prices","050","Bangladesh","5532","Producer Price (USD/tonne)","0113","Rice","2006","2006","7021","Annual value","USD","139","A","Official figure"
"PP","Producer Prices","050","Bangladesh","5532","Producer Price (USD/tonne)","0113","Rice","2007","2007","7021","Annual value","USD","153","A","Official figure"
"PP","Producer Prices","050","Bangladesh","5532","Producer Price (USD/tonne)","0113","Rice","2008","2008","7021","Annual value","USD","171.3","I","Value imputed by a receiving agency"
"PP","Producer Prices","050","Bangladesh","5532","Producer Price (USD/tonne)","0113","Rice","2009","2009","7021","Annual value","USD","169.8","I","Value imputed by a receiving agency"
"PP","Producer Prices","050","Bangladesh","5532","Producer Price (USD/tonne)","0113","Rice","2010","2010","7021","Annual value","USD","177.2","I","Value imputed by a receiving agency"
"PP","Producer Prices","050","Bangladesh","5532","Producer Price (USD/tonne)","0113","Rice","2011","2011","7021","Annual value","USD","204.2","A","Official figure"
"PP","Producer Prices","050","Bangladesh","5532","Producer Price (USD/tonne)","0113","Rice","2012","2012","7021","Annual value","USD","210.6","A","Official figure"
"PP","Producer Prices","050","Bangladesh","5532","Producer Price (USD/tonne)","0113","Rice","2013","2013","7021","Annual value","USD","244.4","A","Official figure"
"PP","Producer Prices","050","Bangladesh","5532","Producer Price (USD/tonne)","0113","Rice","2014","2014","7021","Annual value","USD","238","A","Official figure"
"PP","Producer Prices","050","Bangladesh","5532","Producer Price (USD/tonne)","0113","Rice","2015","2015","7021","Annual value","USD","224.6","A","Official figure"
"PP","Producer Prices","050","Bangladesh","5532","Producer Price (USD/tonne)","0113","Rice","2016","2016","7021","Annual value","USD","217.7","A","Official figure"
"PP","Producer Prices","050","Bangladesh","5532","Producer Price (USD/tonne)","0113","Rice","2017","2017","7021","Annual value","USD","257.4","A","Official figure"
"PP","Producer Prices","050","Bangladesh","5532","Producer Price (USD/tonne)","0113","Rice","2018","2018","7021","Annual value","USD","280.7","A","Official figure"
"PP","Producer Prices","050","Bangladesh","5532","Producer Price (USD/tonne)","0113","Rice","2019","2019","7021","Annual value","USD","211.8","A","Official figure"
"PP","Producer Prices","050","Bangladesh","5532","Producer Price (USD/tonne)","0113","Rice","2020","2020","7021","Annual value","USD","215.5","A","Official figure"
"PP","Producer Prices","050","Bangladesh","5532","Producer Price (USD/tonne)","0113","Rice","2021","2021","7021","Annual value","USD","288.8","A","Official figure"
"PP","Producer Prices","050","Bangladesh","5532","Producer Price (USD/tonne)","0113","Rice","2022","2022","7021","Annual value","USD","280.4","I","Value imputed by a receiving agency"
"PP","Producer Prices","050","Bangladesh","5532","Producer Price (USD/tonne)","0113","Rice","2023","2023","7021","Annual value","USD","236.8","I","Value imputed by a receiving agency"
